,Event,State ID,Time,Machine
0,1D ,4,21-Jun-2019 16:01:08.263298,Booster
1,E3 ,6,21-Jun-2019 16:01:08.263298,Recycler
2,A5 ,2,21-Jun-2019 16:01:08.263298,NuMI
3,15 ,2,21-Jun-2019 16:01:08.329997,Booster
4,15 ,2,21-Jun-2019 16:01:08.396598,Booster
5,15 ,2,21-Jun-2019 16:01:08.463298,Booster
6,15 ,2,21-Jun-2019 16:01:08.529998,Booster
7,15 ,2,21-Jun-2019 16:01:08.596598,Booster
8,15 ,2,21-Jun-2019 16:01:08.663298,Booster
9,15 ,2,21-Jun-2019 16:01:08.729998,Booster
10,15 ,2,21-Jun-2019 16:01:08.796598,Booster
11,15 ,2,21-Jun-2019 16:01:08.863298,Booster
12,15 ,2,21-Jun-2019 16:01:08.929998,Booster
13,15 ,2,21-Jun-2019 16:01:08.996598,Booster
14,15 ,2,21-Jun-2019 16:01:09.063298,Booster
15,2A ,9,21-Jun-2019 16:01:09.063298,MI
16,AE ,2,21-Jun-2019 16:01:09.063298,NuMI
17,1D ,4,21-Jun-2019 16:01:09.129998,Booster
18,93 ,1,21-Jun-2019 16:01:09.129998,Accumulator
19,E9 ,20,21-Jun-2019 16:01:09.129998,Recycler
20,1C ,2,21-Jun-2019 16:01:09.196598,Booster
21,1C ,2,21-Jun-2019 16:01:09.263298,Booster
22,12 ,1,21-Jun-2019 16:01:09.330298,Booster
23,17 ,5,21-Jun-2019 16:01:09.396298,Booster
24,94 ,1,21-Jun-2019 16:01:09.396298,Accumulator
25,E9 ,20,21-Jun-2019 16:01:09.396298,Recycler
26,1C ,2,21-Jun-2019 16:01:09.463298,Booster
27,1C ,2,21-Jun-2019 16:01:09.530298,Booster
28,1D ,4,21-Jun-2019 16:01:09.596298,Booster
29,32 ,1,21-Jun-2019 16:01:09.596298,Switchyard
30,1D ,4,21-Jun-2019 16:01:09.663298,Booster
31,E3 ,6,21-Jun-2019 16:01:09.663298,Recycler
32,A5 ,2,21-Jun-2019 16:01:09.663298,NuMI
33,15 ,2,21-Jun-2019 16:01:09.730298,Booster
34,15 ,2,21-Jun-2019 16:01:09.796298,Booster
35,15 ,2,21-Jun-2019 16:01:09.863298,Booster
36,15 ,2,21-Jun-2019 16:01:09.930298,Booster
37,15 ,2,21-Jun-2019 16:01:09.996298,Booster
38,15 ,2,21-Jun-2019 16:01:10.063298,Booster
39,15 ,2,21-Jun-2019 16:01:10.130298,Booster
40,15 ,2,21-Jun-2019 16:01:10.196298,Booster
41,15 ,2,21-Jun-2019 16:01:10.263298,Booster
42,15 ,2,21-Jun-2019 16:01:10.330298,Booster
43,15 ,2,21-Jun-2019 16:01:10.396298,Booster
44,15 ,2,21-Jun-2019 16:01:10.463298,Booster
45,2A ,9,21-Jun-2019 16:01:10.463298,MI
46,AE ,2,21-Jun-2019 16:01:10.463298,NuMI
47,1D ,4,21-Jun-2019 16:01:10.530298,Booster
48,93 ,1,21-Jun-2019 16:01:10.530298,Accumulator
49,E9 ,20,21-Jun-2019 16:01:10.530298,Recycler
50,1C ,2,21-Jun-2019 16:01:10.596298,Booster
51,1C ,2,21-Jun-2019 16:01:10.663298,Booster
52,1D ,4,21-Jun-2019 16:01:10.730298,Booster
53,1D ,4,21-Jun-2019 16:01:10.796298,Booster
54,94 ,1,21-Jun-2019 16:01:10.796298,Accumulator
55,E9 ,20,21-Jun-2019 16:01:10.796298,Recycler
56,1C ,2,21-Jun-2019 16:01:10.863298,Booster
57,1C ,2,21-Jun-2019 16:01:10.930298,Booster
58,1D ,4,21-Jun-2019 16:01:10.996298,Booster
59,1D ,4,21-Jun-2019 16:01:11.063298,Booster
60,E3 ,6,21-Jun-2019 16:01:11.063298,Recycler
61,A5 ,2,21-Jun-2019 16:01:11.063298,NuMI
62,15 ,2,21-Jun-2019 16:01:11.130298,Booster
63,15 ,2,21-Jun-2019 16:01:11.196298,Booster
64,15 ,2,21-Jun-2019 16:01:11.263298,Booster
65,15 ,2,21-Jun-2019 16:01:11.330298,Booster
66,15 ,2,21-Jun-2019 16:01:11.396298,Booster
67,15 ,2,21-Jun-2019 16:01:11.463298,Booster
68,15 ,2,21-Jun-2019 16:01:11.530298,Booster
69,15 ,2,21-Jun-2019 16:01:11.596298,Booster
70,15 ,2,21-Jun-2019 16:01:11.663298,Booster
71,15 ,2,21-Jun-2019 16:01:11.730298,Booster
72,15 ,2,21-Jun-2019 16:01:11.796298,Booster
73,15 ,2,21-Jun-2019 16:01:11.863298,Booster
74,2A ,9,21-Jun-2019 16:01:11.863298,MI
75,AE ,2,21-Jun-2019 16:01:11.863298,NuMI
76,1D ,4,21-Jun-2019 16:01:11.930298,Booster
77,93 ,1,21-Jun-2019 16:01:11.930298,Accumulator
78,E9 ,20,21-Jun-2019 16:01:11.930298,Recycler
79,1C ,2,21-Jun-2019 16:01:11.996298,Booster
80,1C ,2,21-Jun-2019 16:01:12.063298,Booster
81,1D ,4,21-Jun-2019 16:01:12.130298,Booster
82,1D ,4,21-Jun-2019 16:01:12.196298,Booster
83,94 ,1,21-Jun-2019 16:01:12.196298,Accumulator
84,E9 ,20,21-Jun-2019 16:01:12.196298,Recycler
85,1C ,2,21-Jun-2019 16:01:12.263298,Booster
86,1C ,2,21-Jun-2019 16:01:12.330298,Booster
87,1D ,4,21-Jun-2019 16:01:12.396298,Booster
88,1D ,4,21-Jun-2019 16:01:12.463298,Booster
89,1D ,4,21-Jun-2019 16:01:12.530298,Booster
90,1D ,4,21-Jun-2019 16:01:12.596298,Booster
91,30 ,1,21-Jun-2019 16:01:12.596298,Accumulator
92,1D ,4,21-Jun-2019 16:01:12.663298,Booster
93,E2 ,5,21-Jun-2019 16:01:12.796298,Recycler
94,13 ,2,21-Jun-2019 16:01:12.863298,Booster
95,1D ,4,21-Jun-2019 16:01:12.930298,Booster
96,1D ,4,21-Jun-2019 16:01:12.996298,Booster
97,1D ,4,21-Jun-2019 16:01:13.063298,Booster
98,1D ,4,21-Jun-2019 16:01:13.130298,Booster
99,20 ,23,21-Jun-2019 16:01:13.196298,MI
100,12 ,1,21-Jun-2019 16:01:13.596298,Booster
101,1D ,4,21-Jun-2019 16:01:13.663298,Booster
102,1D ,4,21-Jun-2019 16:01:13.730298,Booster
103,1D ,4,21-Jun-2019 16:01:13.796298,Booster
104,12 ,1,21-Jun-2019 16:01:13.863298,Booster
105,1D ,4,21-Jun-2019 16:01:13.930298,Booster
106,1D ,4,21-Jun-2019 16:01:13.996298,Booster
107,1D ,4,21-Jun-2019 16:01:14.063298,Booster
108,1D ,4,21-Jun-2019 16:01:14.130298,Booster
109,1D ,4,21-Jun-2019 16:01:14.196298,Booster
110,E0 ,2,21-Jun-2019 16:01:15.263298,Recycler
111,19 ,2,21-Jun-2019 16:01:15.330298,Booster
112,1D ,4,21-Jun-2019 16:01:15.396298,Booster
113,1D ,4,21-Jun-2019 16:01:15.463298,Booster
114,1D ,4,21-Jun-2019 16:01:15.530298,Booster
115,1D ,4,21-Jun-2019 16:01:15.596298,Booster
116,12 ,1,21-Jun-2019 16:01:16.063298,Booster
117,1D ,4,21-Jun-2019 16:01:16.130298,Booster
118,1D ,4,21-Jun-2019 16:01:16.196298,Booster
119,1D ,4,21-Jun-2019 16:01:16.263298,Booster
120,1D ,4,21-Jun-2019 16:01:16.330298,Booster
121,1D ,4,21-Jun-2019 16:01:16.396298,Booster
122,12 ,1,21-Jun-2019 16:01:16.530298,Booster
123,1D ,4,21-Jun-2019 16:01:16.596298,Booster
124,1D ,4,21-Jun-2019 16:01:16.663298,Booster
125,1D ,4,21-Jun-2019 16:01:16.730298,Booster
126,1D ,4,21-Jun-2019 16:01:16.796298,Booster
127,1D ,4,21-Jun-2019 16:01:16.863298,Booster
128,12 ,1,21-Jun-2019 16:01:17.263298,Booster
129,1D ,4,21-Jun-2019 16:01:17.330298,Booster
130,1D ,4,21-Jun-2019 16:01:17.396298,Booster
131,1D ,4,21-Jun-2019 16:01:17.463298,Booster
132,1D ,4,21-Jun-2019 16:01:17.530298,Booster
133,1D ,4,21-Jun-2019 16:01:17.596298,Booster
134,1D ,4,21-Jun-2019 16:01:17.663298,Booster
135,1D ,4,21-Jun-2019 16:01:17.730298,Booster
136,1D ,4,21-Jun-2019 16:01:17.796298,Booster
137,E3 ,6,21-Jun-2019 16:01:17.930298,Recycler
138,A5 ,2,21-Jun-2019 16:01:17.930298,NuMI
139,15 ,2,21-Jun-2019 16:01:17.996298,Booster
140,15 ,2,21-Jun-2019 16:01:18.063298,Booster
141,15 ,2,21-Jun-2019 16:01:18.130298,Booster
142,15 ,2,21-Jun-2019 16:01:18.196298,Booster
143,15 ,2,21-Jun-2019 16:01:18.263298,Booster
144,15 ,2,21-Jun-2019 16:01:18.333298,Booster
145,15 ,2,21-Jun-2019 16:01:18.393298,Booster
146,15 ,2,21-Jun-2019 16:01:18.463298,Booster
147,15 ,2,21-Jun-2019 16:01:18.533298,Booster
148,15 ,2,21-Jun-2019 16:01:18.593298,Booster
149,15 ,2,21-Jun-2019 16:01:18.663298,Booster
150,15 ,2,21-Jun-2019 16:01:18.733298,Booster
151,2A ,9,21-Jun-2019 16:01:18.733298,MI
152,AE ,2,21-Jun-2019 16:01:18.733298,NuMI
153,1D ,4,21-Jun-2019 16:01:18.793298,Booster
154,1D ,4,21-Jun-2019 16:01:18.863298,Booster
155,1D ,4,21-Jun-2019 16:01:18.933298,Booster
156,1D ,4,21-Jun-2019 16:01:18.993298,Booster
157,1D ,4,21-Jun-2019 16:01:19.063298,Booster
158,1D ,4,21-Jun-2019 16:01:19.133298,Booster
159,1D ,4,21-Jun-2019 16:01:19.193298,Booster
160,1D ,4,21-Jun-2019 16:01:19.263298,Booster
161,1D ,4,21-Jun-2019 16:01:19.333298,Booster
162,E3 ,6,21-Jun-2019 16:01:19.333298,Recycler
163,A5 ,2,21-Jun-2019 16:01:19.333298,NuMI
164,15 ,2,21-Jun-2019 16:01:19.393298,Booster
165,15 ,2,21-Jun-2019 16:01:19.463298,Booster
166,15 ,2,21-Jun-2019 16:01:19.533298,Booster
167,15 ,2,21-Jun-2019 16:01:19.593298,Booster
168,15 ,2,21-Jun-2019 16:01:19.663298,Booster
169,15 ,2,21-Jun-2019 16:01:19.733298,Booster
170,15 ,2,21-Jun-2019 16:01:19.793298,Booster
171,15 ,2,21-Jun-2019 16:01:19.863298,Booster
172,15 ,2,21-Jun-2019 16:01:19.933298,Booster
173,15 ,2,21-Jun-2019 16:01:19.993298,Booster
174,15 ,2,21-Jun-2019 16:01:20.063298,Booster
175,15 ,2,21-Jun-2019 16:01:20.133298,Booster
176,2A ,9,21-Jun-2019 16:01:20.133298,MI
177,AE ,2,21-Jun-2019 16:01:20.133298,NuMI
178,12 ,1,21-Jun-2019 16:01:20.193298,Booster
179,17 ,5,21-Jun-2019 16:01:20.263298,Booster
180,1D ,4,21-Jun-2019 16:01:20.333298,Booster
181,1D ,4,21-Jun-2019 16:01:20.393298,Booster
182,1D ,4,21-Jun-2019 16:01:20.463298,Booster
183,1D ,4,21-Jun-2019 16:01:20.533298,Booster
184,1D ,4,21-Jun-2019 16:01:20.593298,Booster
185,1D ,4,21-Jun-2019 16:01:20.663298,Booster
186,1D ,4,21-Jun-2019 16:01:20.733298,Booster
187,E3 ,6,21-Jun-2019 16:01:20.733298,Recycler
188,A5 ,2,21-Jun-2019 16:01:20.733298,NuMI
189,15 ,2,21-Jun-2019 16:01:20.793298,Booster
190,15 ,2,21-Jun-2019 16:01:20.863298,Booster
191,15 ,2,21-Jun-2019 16:01:20.933298,Booster
192,15 ,2,21-Jun-2019 16:01:20.993298,Booster
193,15 ,2,21-Jun-2019 16:01:21.063298,Booster
194,15 ,2,21-Jun-2019 16:01:21.133298,Booster
195,15 ,2,21-Jun-2019 16:01:21.193298,Booster
196,15 ,2,21-Jun-2019 16:01:21.263298,Booster
197,15 ,2,21-Jun-2019 16:01:21.333298,Booster
198,15 ,2,21-Jun-2019 16:01:21.393298,Booster
199,15 ,2,21-Jun-2019 16:01:21.463298,Booster
200,15 ,2,21-Jun-2019 16:01:21.533298,Booster
201,2A ,9,21-Jun-2019 16:01:21.533298,MI
202,AE ,2,21-Jun-2019 16:01:21.533298,NuMI
203,1D ,4,21-Jun-2019 16:01:21.593298,Booster
204,1D ,4,21-Jun-2019 16:01:21.663298,Booster
205,1D ,4,21-Jun-2019 16:01:21.733298,Booster
206,1D ,4,21-Jun-2019 16:01:21.793298,Booster
207,1D ,4,21-Jun-2019 16:01:21.863298,Booster
208,1D ,4,21-Jun-2019 16:01:21.933298,Booster
209,1D ,4,21-Jun-2019 16:01:21.993298,Booster
210,1D ,4,21-Jun-2019 16:01:22.063298,Booster
211,1D ,4,21-Jun-2019 16:01:22.133298,Booster
212,E3 ,6,21-Jun-2019 16:01:22.133298,Recycler
213,A5 ,2,21-Jun-2019 16:01:22.133298,NuMI
214,15 ,2,21-Jun-2019 16:01:22.193298,Booster
215,15 ,2,21-Jun-2019 16:01:22.263298,Booster
216,15 ,2,21-Jun-2019 16:01:22.333298,Booster
217,15 ,2,21-Jun-2019 16:01:22.393298,Booster
218,15 ,2,21-Jun-2019 16:01:22.463298,Booster
219,15 ,2,21-Jun-2019 16:01:22.533298,Booster
220,15 ,2,21-Jun-2019 16:01:22.593298,Booster
221,15 ,2,21-Jun-2019 16:01:22.663298,Booster
222,15 ,2,21-Jun-2019 16:01:22.733298,Booster
223,15 ,2,21-Jun-2019 16:01:22.793298,Booster
224,15 ,2,21-Jun-2019 16:01:22.863298,Booster
225,15 ,2,21-Jun-2019 16:01:22.933298,Booster
226,2A ,9,21-Jun-2019 16:01:22.933298,MI
227,AE ,2,21-Jun-2019 16:01:22.933298,NuMI
228,1D ,4,21-Jun-2019 16:01:22.993298,Booster
229,93 ,1,21-Jun-2019 16:01:22.993298,Accumulator
230,E9 ,20,21-Jun-2019 16:01:22.993298,Recycler
231,1C ,2,21-Jun-2019 16:01:23.063298,Booster
232,1C ,2,21-Jun-2019 16:01:23.133298,Booster
233,1D ,4,21-Jun-2019 16:01:23.193298,Booster
234,1D ,4,21-Jun-2019 16:01:23.263298,Booster
235,94 ,1,21-Jun-2019 16:01:23.263298,Accumulator
236,E9 ,20,21-Jun-2019 16:01:23.263298,Recycler
237,1C ,2,21-Jun-2019 16:01:23.333298,Booster
238,1C ,2,21-Jun-2019 16:01:23.393298,Booster
239,1D ,4,21-Jun-2019 16:01:23.463298,Booster
240,1D ,4,21-Jun-2019 16:01:23.533298,Booster
241,E3 ,6,21-Jun-2019 16:01:23.533298,Recycler
242,A5 ,2,21-Jun-2019 16:01:23.533298,NuMI
243,15 ,2,21-Jun-2019 16:01:23.593298,Booster
244,15 ,2,21-Jun-2019 16:01:23.663298,Booster
245,15 ,2,21-Jun-2019 16:01:23.733298,Booster
246,15 ,2,21-Jun-2019 16:01:23.793298,Booster
247,15 ,2,21-Jun-2019 16:01:23.863298,Booster
248,15 ,2,21-Jun-2019 16:01:23.933298,Booster
249,15 ,2,21-Jun-2019 16:01:23.993298,Booster
250,15 ,2,21-Jun-2019 16:01:24.063298,Booster
251,15 ,2,21-Jun-2019 16:01:24.133298,Booster
252,15 ,2,21-Jun-2019 16:01:24.193298,Booster
253,15 ,2,21-Jun-2019 16:01:24.263298,Booster
254,15 ,2,21-Jun-2019 16:01:24.333298,Booster
255,2A ,9,21-Jun-2019 16:01:24.333298,MI
256,AE ,2,21-Jun-2019 16:01:24.333298,NuMI
257,1D ,4,21-Jun-2019 16:01:24.393298,Booster
258,93 ,1,21-Jun-2019 16:01:24.393298,Accumulator
259,E9 ,20,21-Jun-2019 16:01:24.393298,Recycler
260,1C ,2,21-Jun-2019 16:01:24.463298,Booster
261,1C ,2,21-Jun-2019 16:01:24.533298,Booster
262,1D ,4,21-Jun-2019 16:01:24.593298,Booster
263,1D ,4,21-Jun-2019 16:01:24.663298,Booster
264,94 ,1,21-Jun-2019 16:01:24.663298,Accumulator
265,E9 ,20,21-Jun-2019 16:01:24.663298,Recycler
266,1C ,2,21-Jun-2019 16:01:24.733298,Booster
267,1C ,2,21-Jun-2019 16:01:24.793298,Booster
268,1D ,4,21-Jun-2019 16:01:24.863298,Booster
269,1D ,4,21-Jun-2019 16:01:24.933298,Booster
270,E3 ,6,21-Jun-2019 16:01:24.933298,Recycler
271,A5 ,2,21-Jun-2019 16:01:24.933298,NuMI
272,15 ,2,21-Jun-2019 16:01:24.993298,Booster
273,15 ,2,21-Jun-2019 16:01:25.063298,Booster
274,15 ,2,21-Jun-2019 16:01:25.133298,Booster
275,15 ,2,21-Jun-2019 16:01:25.193298,Booster
276,15 ,2,21-Jun-2019 16:01:25.263298,Booster
277,15 ,2,21-Jun-2019 16:01:25.333298,Booster
278,15 ,2,21-Jun-2019 16:01:25.393298,Booster
279,15 ,2,21-Jun-2019 16:01:25.463298,Booster
280,15 ,2,21-Jun-2019 16:01:25.533298,Booster
281,15 ,2,21-Jun-2019 16:01:25.593298,Booster
282,15 ,2,21-Jun-2019 16:01:25.663298,Booster
283,15 ,2,21-Jun-2019 16:01:25.733298,Booster
284,2A ,9,21-Jun-2019 16:01:25.733298,MI
285,AE ,2,21-Jun-2019 16:01:25.733298,NuMI
286,1D ,4,21-Jun-2019 16:01:25.793298,Booster
287,93 ,1,21-Jun-2019 16:01:25.793298,Accumulator
288,E9 ,20,21-Jun-2019 16:01:25.793298,Recycler
289,1C ,2,21-Jun-2019 16:01:25.863298,Booster
290,1C ,2,21-Jun-2019 16:01:25.933298,Booster
291,1D ,4,21-Jun-2019 16:01:25.993298,Booster
292,1D ,4,21-Jun-2019 16:01:26.063298,Booster
293,94 ,1,21-Jun-2019 16:01:26.063298,Accumulator
294,E9 ,20,21-Jun-2019 16:01:26.063298,Recycler
295,1C ,2,21-Jun-2019 16:01:26.133298,Booster
296,1C ,2,21-Jun-2019 16:01:26.193298,Booster
297,1D ,4,21-Jun-2019 16:01:26.263298,Booster
298,1D ,4,21-Jun-2019 16:01:26.333298,Booster
299,E3 ,6,21-Jun-2019 16:01:26.333298,Recycler
300,A5 ,2,21-Jun-2019 16:01:26.333298,NuMI
301,15 ,2,21-Jun-2019 16:01:26.393298,Booster
302,15 ,2,21-Jun-2019 16:01:26.463298,Booster
303,15 ,2,21-Jun-2019 16:01:26.533298,Booster
304,15 ,2,21-Jun-2019 16:01:26.593298,Booster
305,15 ,2,21-Jun-2019 16:01:26.663298,Booster
306,15 ,2,21-Jun-2019 16:01:26.733298,Booster
307,15 ,2,21-Jun-2019 16:01:26.793298,Booster
308,15 ,2,21-Jun-2019 16:01:26.863298,Booster
309,15 ,2,21-Jun-2019 16:01:26.933298,Booster
310,15 ,2,21-Jun-2019 16:01:26.993298,Booster
311,15 ,2,21-Jun-2019 16:01:27.063298,Booster
312,15 ,2,21-Jun-2019 16:01:27.133298,Booster
313,2A ,9,21-Jun-2019 16:01:27.133298,MI
314,AE ,2,21-Jun-2019 16:01:27.133298,NuMI
315,1D ,4,21-Jun-2019 16:01:27.193298,Booster
316,93 ,1,21-Jun-2019 16:01:27.193298,Accumulator
317,E9 ,20,21-Jun-2019 16:01:27.193298,Recycler
318,1C ,2,21-Jun-2019 16:01:27.263298,Booster
319,1C ,2,21-Jun-2019 16:01:27.333298,Booster
320,1D ,4,21-Jun-2019 16:01:27.393298,Booster
321,1D ,4,21-Jun-2019 16:01:27.463298,Booster
322,94 ,1,21-Jun-2019 16:01:27.463298,Accumulator
323,E9 ,20,21-Jun-2019 16:01:27.463298,Recycler
324,1C ,2,21-Jun-2019 16:01:27.533298,Booster
325,1C ,2,21-Jun-2019 16:01:27.593298,Booster
326,1D ,4,21-Jun-2019 16:01:27.663298,Booster
327,1D ,4,21-Jun-2019 16:01:27.733298,Booster
328,E3 ,6,21-Jun-2019 16:01:27.733298,Recycler
329,A5 ,2,21-Jun-2019 16:01:27.733298,NuMI
330,15 ,2,21-Jun-2019 16:01:27.793298,Booster
331,15 ,2,21-Jun-2019 16:01:27.863298,Booster
332,15 ,2,21-Jun-2019 16:01:27.933298,Booster
333,15 ,2,21-Jun-2019 16:01:27.993298,Booster
334,15 ,2,21-Jun-2019 16:01:28.063298,Booster
335,15 ,2,21-Jun-2019 16:01:28.133298,Booster
336,15 ,2,21-Jun-2019 16:01:28.193298,Booster
337,15 ,2,21-Jun-2019 16:01:28.263298,Booster
338,15 ,2,21-Jun-2019 16:01:28.333298,Booster
339,15 ,2,21-Jun-2019 16:01:28.393298,Booster
340,15 ,2,21-Jun-2019 16:01:28.463298,Booster
341,15 ,2,21-Jun-2019 16:01:28.533298,Booster
342,2A ,9,21-Jun-2019 16:01:28.533298,MI
343,AE ,2,21-Jun-2019 16:01:28.533298,NuMI
344,1D ,4,21-Jun-2019 16:01:28.593298,Booster
345,93 ,1,21-Jun-2019 16:01:28.593298,Accumulator
346,E9 ,20,21-Jun-2019 16:01:28.593298,Recycler
347,1C ,2,21-Jun-2019 16:01:28.663298,Booster
348,1C ,2,21-Jun-2019 16:01:28.733298,Booster
349,1D ,4,21-Jun-2019 16:01:28.793298,Booster
350,1D ,4,21-Jun-2019 16:01:28.863298,Booster
351,94 ,1,21-Jun-2019 16:01:28.863298,Accumulator
352,E9 ,20,21-Jun-2019 16:01:28.863298,Recycler
353,1C ,2,21-Jun-2019 16:01:28.933298,Booster
354,1C ,2,21-Jun-2019 16:01:28.993298,Booster
355,1D ,4,21-Jun-2019 16:01:29.063298,Booster
356,1D ,4,21-Jun-2019 16:01:29.133298,Booster
357,E3 ,6,21-Jun-2019 16:01:29.133298,Recycler
358,A5 ,2,21-Jun-2019 16:01:29.133298,NuMI
359,15 ,2,21-Jun-2019 16:01:29.193298,Booster
360,15 ,2,21-Jun-2019 16:01:29.263298,Booster
361,15 ,2,21-Jun-2019 16:01:29.333298,Booster
362,15 ,2,21-Jun-2019 16:01:29.393298,Booster
363,15 ,2,21-Jun-2019 16:01:29.463298,Booster
364,15 ,2,21-Jun-2019 16:01:29.533298,Booster
365,15 ,2,21-Jun-2019 16:01:29.593298,Booster
366,15 ,2,21-Jun-2019 16:01:29.663298,Booster
367,15 ,2,21-Jun-2019 16:01:29.733298,Booster
368,15 ,2,21-Jun-2019 16:01:29.793298,Booster
369,15 ,2,21-Jun-2019 16:01:29.863298,Booster
370,15 ,2,21-Jun-2019 16:01:29.933298,Booster
371,2A ,9,21-Jun-2019 16:01:29.933298,MI
372,AE ,2,21-Jun-2019 16:01:29.933298,NuMI
373,1D ,4,21-Jun-2019 16:01:29.993298,Booster
374,93 ,1,21-Jun-2019 16:01:29.993298,Accumulator
375,E9 ,20,21-Jun-2019 16:01:29.993298,Recycler
376,1C ,2,21-Jun-2019 16:01:30.063298,Booster
377,1C ,2,21-Jun-2019 16:01:30.133298,Booster
378,12 ,1,21-Jun-2019 16:01:30.193298,Booster
379,17 ,5,21-Jun-2019 16:01:30.263298,Booster
380,94 ,1,21-Jun-2019 16:01:30.263298,Accumulator
381,E9 ,20,21-Jun-2019 16:01:30.263298,Recycler
382,1C ,2,21-Jun-2019 16:01:30.333298,Booster
383,1C ,2,21-Jun-2019 16:01:30.393298,Booster
384,1D ,4,21-Jun-2019 16:01:30.463298,Booster
385,1D ,4,21-Jun-2019 16:01:30.533298,Booster
386,E3 ,6,21-Jun-2019 16:01:30.533298,Recycler
387,A5 ,2,21-Jun-2019 16:01:30.533298,NuMI
388,15 ,2,21-Jun-2019 16:01:30.593298,Booster
389,15 ,2,21-Jun-2019 16:01:30.663298,Booster
390,15 ,2,21-Jun-2019 16:01:30.733298,Booster
391,15 ,2,21-Jun-2019 16:01:30.793298,Booster
392,15 ,2,21-Jun-2019 16:01:30.863298,Booster
393,15 ,2,21-Jun-2019 16:01:30.933298,Booster
394,15 ,2,21-Jun-2019 16:01:30.993298,Booster
395,15 ,2,21-Jun-2019 16:01:31.063298,Booster
396,15 ,2,21-Jun-2019 16:01:31.133298,Booster
397,15 ,2,21-Jun-2019 16:01:31.193298,Booster
398,15 ,2,21-Jun-2019 16:01:31.263298,Booster
399,15 ,2,21-Jun-2019 16:01:31.333298,Booster
400,2A ,9,21-Jun-2019 16:01:31.333298,MI
401,AE ,2,21-Jun-2019 16:01:31.333298,NuMI
402,1D ,4,21-Jun-2019 16:01:31.393298,Booster
403,93 ,1,21-Jun-2019 16:01:31.393298,Accumulator
404,E9 ,20,21-Jun-2019 16:01:31.393298,Recycler
405,1C ,2,21-Jun-2019 16:01:31.463298,Booster
406,1C ,2,21-Jun-2019 16:01:31.533298,Booster
407,1D ,4,21-Jun-2019 16:01:31.593298,Booster
408,1D ,4,21-Jun-2019 16:01:31.663298,Booster
409,94 ,1,21-Jun-2019 16:01:31.663298,Accumulator
410,E9 ,20,21-Jun-2019 16:01:31.663298,Recycler
411,1C ,2,21-Jun-2019 16:01:31.733298,Booster
412,1C ,2,21-Jun-2019 16:01:31.793298,Booster
413,1D ,4,21-Jun-2019 16:01:31.863298,Booster
414,1D ,4,21-Jun-2019 16:01:31.933298,Booster
415,E3 ,6,21-Jun-2019 16:01:31.933298,Recycler
416,A5 ,2,21-Jun-2019 16:01:31.933298,NuMI
417,15 ,2,21-Jun-2019 16:01:31.993298,Booster
418,15 ,2,21-Jun-2019 16:01:32.063298,Booster
419,15 ,2,21-Jun-2019 16:01:32.133298,Booster
420,15 ,2,21-Jun-2019 16:01:32.193298,Booster
421,15 ,2,21-Jun-2019 16:01:32.263298,Booster
422,15 ,2,21-Jun-2019 16:01:32.333298,Booster
423,15 ,2,21-Jun-2019 16:01:32.393298,Booster
424,15 ,2,21-Jun-2019 16:01:32.463298,Booster
425,15 ,2,21-Jun-2019 16:01:32.533298,Booster
426,15 ,2,21-Jun-2019 16:01:32.593298,Booster
427,15 ,2,21-Jun-2019 16:01:32.663298,Booster
428,15 ,2,21-Jun-2019 16:01:32.733298,Booster
429,2A ,9,21-Jun-2019 16:01:32.733298,MI
430,AE ,2,21-Jun-2019 16:01:32.733298,NuMI
431,1D ,4,21-Jun-2019 16:01:32.793298,Booster
432,93 ,1,21-Jun-2019 16:01:32.793298,Accumulator
433,E9 ,20,21-Jun-2019 16:01:32.793298,Recycler
434,1C ,2,21-Jun-2019 16:01:32.863298,Booster
435,1C ,2,21-Jun-2019 16:01:32.933298,Booster
436,1D ,4,21-Jun-2019 16:01:32.993298,Booster
437,1D ,4,21-Jun-2019 16:01:33.063298,Booster
438,94 ,1,21-Jun-2019 16:01:33.063298,Accumulator
439,E9 ,20,21-Jun-2019 16:01:33.063298,Recycler
440,1C ,2,21-Jun-2019 16:01:33.133298,Booster
441,1C ,2,21-Jun-2019 16:01:33.193298,Booster
442,1D ,4,21-Jun-2019 16:01:33.263298,Booster
443,1D ,4,21-Jun-2019 16:01:33.333298,Booster
444,E3 ,6,21-Jun-2019 16:01:33.333298,Recycler
445,A5 ,2,21-Jun-2019 16:01:33.333298,NuMI
446,15 ,2,21-Jun-2019 16:01:33.393298,Booster
447,15 ,2,21-Jun-2019 16:01:33.463298,Booster
448,15 ,2,21-Jun-2019 16:01:33.533298,Booster
449,15 ,2,21-Jun-2019 16:01:33.593298,Booster
450,15 ,2,21-Jun-2019 16:01:33.663298,Booster
451,15 ,2,21-Jun-2019 16:01:33.733298,Booster
452,15 ,2,21-Jun-2019 16:01:33.793298,Booster
453,15 ,2,21-Jun-2019 16:01:33.863298,Booster
454,15 ,2,21-Jun-2019 16:01:33.933298,Booster
455,15 ,2,21-Jun-2019 16:01:33.993298,Booster
456,15 ,2,21-Jun-2019 16:01:34.063298,Booster
457,15 ,2,21-Jun-2019 16:01:34.133298,Booster
458,2A ,9,21-Jun-2019 16:01:34.133298,MI
459,AE ,2,21-Jun-2019 16:01:34.133298,NuMI
460,1D ,4,21-Jun-2019 16:01:34.193298,Booster
461,93 ,1,21-Jun-2019 16:01:34.193298,Accumulator
462,E9 ,20,21-Jun-2019 16:01:34.193298,Recycler
463,1C ,2,21-Jun-2019 16:01:34.263298,Booster
464,1C ,2,21-Jun-2019 16:01:34.333298,Booster
465,1D ,4,21-Jun-2019 16:01:34.393298,Booster
466,1D ,4,21-Jun-2019 16:01:34.463298,Booster
467,94 ,1,21-Jun-2019 16:01:34.463298,Accumulator
468,E9 ,20,21-Jun-2019 16:01:34.463298,Recycler
469,1C ,2,21-Jun-2019 16:01:34.533298,Booster
470,1C ,2,21-Jun-2019 16:01:34.593298,Booster
471,1D ,4,21-Jun-2019 16:01:34.663298,Booster
472,1D ,4,21-Jun-2019 16:01:34.733298,Booster
473,E3 ,6,21-Jun-2019 16:01:34.733298,Recycler
474,A5 ,2,21-Jun-2019 16:01:34.733298,NuMI
475,15 ,2,21-Jun-2019 16:01:34.793298,Booster
476,15 ,2,21-Jun-2019 16:01:34.863298,Booster
477,15 ,2,21-Jun-2019 16:01:34.933298,Booster
478,15 ,2,21-Jun-2019 16:01:34.993298,Booster
479,15 ,2,21-Jun-2019 16:01:35.063298,Booster
480,15 ,2,21-Jun-2019 16:01:35.133298,Booster
481,15 ,2,21-Jun-2019 16:01:35.193298,Booster
482,15 ,2,21-Jun-2019 16:01:35.263298,Booster
483,15 ,2,21-Jun-2019 16:01:35.333298,Booster
484,15 ,2,21-Jun-2019 16:01:35.393298,Booster
485,15 ,2,21-Jun-2019 16:01:35.463298,Booster
486,15 ,2,21-Jun-2019 16:01:35.533298,Booster
487,2A ,9,21-Jun-2019 16:01:35.533298,MI
488,AE ,2,21-Jun-2019 16:01:35.533298,NuMI
489,1D ,4,21-Jun-2019 16:01:35.593298,Booster
490,93 ,1,21-Jun-2019 16:01:35.593298,Accumulator
491,E9 ,20,21-Jun-2019 16:01:35.593298,Recycler
492,1C ,2,21-Jun-2019 16:01:35.663298,Booster
493,1C ,2,21-Jun-2019 16:01:35.733298,Booster
494,1D ,4,21-Jun-2019 16:01:35.793298,Booster
495,1D ,4,21-Jun-2019 16:01:35.863298,Booster
496,94 ,1,21-Jun-2019 16:01:35.863298,Accumulator
497,E9 ,20,21-Jun-2019 16:01:35.863298,Recycler
498,1C ,2,21-Jun-2019 16:01:35.933298,Booster
499,1C ,2,21-Jun-2019 16:01:35.993298,Booster
500,1D ,4,21-Jun-2019 16:01:36.063298,Booster
501,1D ,4,21-Jun-2019 16:01:36.133298,Booster
502,E3 ,6,21-Jun-2019 16:01:36.133298,Recycler
503,A5 ,2,21-Jun-2019 16:01:36.133298,NuMI
504,15 ,2,21-Jun-2019 16:01:36.193298,Booster
505,15 ,2,21-Jun-2019 16:01:36.263298,Booster
506,15 ,2,21-Jun-2019 16:01:36.333298,Booster
507,15 ,2,21-Jun-2019 16:01:36.393298,Booster
508,15 ,2,21-Jun-2019 16:01:36.463298,Booster
509,15 ,2,21-Jun-2019 16:01:36.533298,Booster
510,15 ,2,21-Jun-2019 16:01:36.593298,Booster
511,15 ,2,21-Jun-2019 16:01:36.663298,Booster
512,15 ,2,21-Jun-2019 16:01:36.733298,Booster
513,15 ,2,21-Jun-2019 16:01:36.793298,Booster
514,15 ,2,21-Jun-2019 16:01:36.863298,Booster
515,15 ,2,21-Jun-2019 16:01:36.933298,Booster
516,2A ,9,21-Jun-2019 16:01:36.933298,MI
517,AE ,2,21-Jun-2019 16:01:36.933298,NuMI
518,1D ,4,21-Jun-2019 16:01:36.993298,Booster
519,93 ,1,21-Jun-2019 16:01:36.993298,Accumulator
520,E9 ,20,21-Jun-2019 16:01:36.993298,Recycler
521,1C ,2,21-Jun-2019 16:01:37.063298,Booster
522,1C ,2,21-Jun-2019 16:01:37.133298,Booster
523,1D ,4,21-Jun-2019 16:01:37.193298,Booster
524,1D ,4,21-Jun-2019 16:01:37.263298,Booster
525,94 ,1,21-Jun-2019 16:01:37.263298,Accumulator
526,E9 ,20,21-Jun-2019 16:01:37.263298,Recycler
527,1C ,2,21-Jun-2019 16:01:37.333298,Booster
528,1C ,2,21-Jun-2019 16:01:37.393298,Booster
529,1D ,4,21-Jun-2019 16:01:37.463298,Booster
530,1D ,4,21-Jun-2019 16:01:37.533298,Booster
531,E3 ,6,21-Jun-2019 16:01:37.533298,Recycler
532,A5 ,2,21-Jun-2019 16:01:37.533298,NuMI
533,15 ,2,21-Jun-2019 16:01:37.593298,Booster
534,15 ,2,21-Jun-2019 16:01:37.663298,Booster
535,15 ,2,21-Jun-2019 16:01:37.733298,Booster
536,15 ,2,21-Jun-2019 16:01:37.793298,Booster
537,15 ,2,21-Jun-2019 16:01:37.863298,Booster
538,15 ,2,21-Jun-2019 16:01:37.933298,Booster
539,15 ,2,21-Jun-2019 16:01:37.993298,Booster
540,15 ,2,21-Jun-2019 16:01:38.063298,Booster
541,15 ,2,21-Jun-2019 16:01:38.133298,Booster
542,15 ,2,21-Jun-2019 16:01:38.193298,Booster
543,15 ,2,21-Jun-2019 16:01:38.263298,Booster
544,15 ,2,21-Jun-2019 16:01:38.333298,Booster
545,2A ,9,21-Jun-2019 16:01:38.333298,MI
546,AE ,2,21-Jun-2019 16:01:38.333298,NuMI
547,1D ,4,21-Jun-2019 16:01:38.393298,Booster
548,93 ,1,21-Jun-2019 16:01:38.393298,Accumulator
549,E9 ,20,21-Jun-2019 16:01:38.393298,Recycler
550,1C ,2,21-Jun-2019 16:01:38.463298,Booster
551,1C ,2,21-Jun-2019 16:01:38.533298,Booster
552,1D ,4,21-Jun-2019 16:01:38.593298,Booster
553,1D ,4,21-Jun-2019 16:01:38.663298,Booster
554,94 ,1,21-Jun-2019 16:01:38.663298,Accumulator
555,E9 ,20,21-Jun-2019 16:01:38.663298,Recycler
556,1C ,2,21-Jun-2019 16:01:38.733298,Booster
557,1C ,2,21-Jun-2019 16:01:38.793298,Booster
558,1D ,4,21-Jun-2019 16:01:38.863298,Booster
559,1D ,4,21-Jun-2019 16:01:38.933298,Booster
560,E3 ,6,21-Jun-2019 16:01:38.933298,Recycler
561,A5 ,2,21-Jun-2019 16:01:38.933298,NuMI
562,15 ,2,21-Jun-2019 16:01:38.993298,Booster
563,15 ,2,21-Jun-2019 16:01:39.063298,Booster
564,15 ,2,21-Jun-2019 16:01:39.133298,Booster
565,15 ,2,21-Jun-2019 16:01:39.193298,Booster
566,15 ,2,21-Jun-2019 16:01:39.263298,Booster
567,15 ,2,21-Jun-2019 16:01:39.333298,Booster
568,15 ,2,21-Jun-2019 16:01:39.393298,Booster
569,15 ,2,21-Jun-2019 16:01:39.463298,Booster
570,15 ,2,21-Jun-2019 16:01:39.533298,Booster
571,15 ,2,21-Jun-2019 16:01:39.593298,Booster
572,15 ,2,21-Jun-2019 16:01:39.663298,Booster
573,15 ,2,21-Jun-2019 16:01:39.733298,Booster
574,2A ,9,21-Jun-2019 16:01:39.733298,MI
575,AE ,2,21-Jun-2019 16:01:39.733298,NuMI
576,1D ,4,21-Jun-2019 16:01:39.793298,Booster
577,93 ,1,21-Jun-2019 16:01:39.793298,Accumulator
578,E9 ,20,21-Jun-2019 16:01:39.793298,Recycler
579,1C ,2,21-Jun-2019 16:01:39.863298,Booster
580,1C ,2,21-Jun-2019 16:01:39.933298,Booster
581,1D ,4,21-Jun-2019 16:01:39.993298,Booster
582,1D ,4,21-Jun-2019 16:01:40.063298,Booster
583,94 ,1,21-Jun-2019 16:01:40.063298,Accumulator
584,E9 ,20,21-Jun-2019 16:01:40.063298,Recycler
585,1C ,2,21-Jun-2019 16:01:40.133298,Booster
586,1C ,2,21-Jun-2019 16:01:40.193298,Booster
587,12 ,1,21-Jun-2019 16:01:40.263298,Booster
588,17 ,5,21-Jun-2019 16:01:40.333298,Booster
589,E3 ,6,21-Jun-2019 16:01:40.333298,Recycler
590,A5 ,2,21-Jun-2019 16:01:40.333298,NuMI
591,15 ,2,21-Jun-2019 16:01:40.393298,Booster
592,15 ,2,21-Jun-2019 16:01:40.463298,Booster
593,15 ,2,21-Jun-2019 16:01:40.533298,Booster
594,15 ,2,21-Jun-2019 16:01:40.593298,Booster
595,15 ,2,21-Jun-2019 16:01:40.663298,Booster
596,15 ,2,21-Jun-2019 16:01:40.733298,Booster
597,15 ,2,21-Jun-2019 16:01:40.793298,Booster
598,15 ,2,21-Jun-2019 16:01:40.863298,Booster
599,15 ,2,21-Jun-2019 16:01:40.933298,Booster
600,15 ,2,21-Jun-2019 16:01:40.993298,Booster
601,15 ,2,21-Jun-2019 16:01:41.063298,Booster
602,15 ,2,21-Jun-2019 16:01:41.133298,Booster
603,2A ,9,21-Jun-2019 16:01:41.133298,MI
604,AE ,2,21-Jun-2019 16:01:41.133298,NuMI
605,1D ,4,21-Jun-2019 16:01:41.193298,Booster
606,93 ,1,21-Jun-2019 16:01:41.193298,Accumulator
607,E9 ,20,21-Jun-2019 16:01:41.193298,Recycler
608,1C ,2,21-Jun-2019 16:01:41.263298,Booster
609,1C ,2,21-Jun-2019 16:01:41.333298,Booster
610,1D ,4,21-Jun-2019 16:01:41.393298,Booster
611,1D ,4,21-Jun-2019 16:01:41.463298,Booster
612,94 ,1,21-Jun-2019 16:01:41.463298,Accumulator
613,E9 ,20,21-Jun-2019 16:01:41.463298,Recycler
614,1C ,2,21-Jun-2019 16:01:41.533298,Booster
615,1C ,2,21-Jun-2019 16:01:41.593298,Booster
616,1D ,4,21-Jun-2019 16:01:41.663298,Booster
617,1D ,4,21-Jun-2019 16:01:41.733298,Booster
618,E3 ,6,21-Jun-2019 16:01:41.733298,Recycler
619,A5 ,2,21-Jun-2019 16:01:41.733298,NuMI
620,15 ,2,21-Jun-2019 16:01:41.793298,Booster
621,15 ,2,21-Jun-2019 16:01:41.863298,Booster
622,15 ,2,21-Jun-2019 16:01:41.933298,Booster
623,15 ,2,21-Jun-2019 16:01:41.993298,Booster
624,15 ,2,21-Jun-2019 16:01:42.063298,Booster
625,15 ,2,21-Jun-2019 16:01:42.133298,Booster
626,15 ,2,21-Jun-2019 16:01:42.193298,Booster
627,15 ,2,21-Jun-2019 16:01:42.263298,Booster
628,15 ,2,21-Jun-2019 16:01:42.333298,Booster
629,15 ,2,21-Jun-2019 16:01:42.393298,Booster
630,15 ,2,21-Jun-2019 16:01:42.463298,Booster
631,15 ,2,21-Jun-2019 16:01:42.533298,Booster
632,2A ,9,21-Jun-2019 16:01:42.533298,MI
633,AE ,2,21-Jun-2019 16:01:42.533298,NuMI
634,1D ,4,21-Jun-2019 16:01:42.593298,Booster
635,93 ,1,21-Jun-2019 16:01:42.593298,Accumulator
636,E9 ,20,21-Jun-2019 16:01:42.593298,Recycler
637,1C ,2,21-Jun-2019 16:01:42.663298,Booster
638,1C ,2,21-Jun-2019 16:01:42.733298,Booster
639,1D ,4,21-Jun-2019 16:01:42.793298,Booster
640,1D ,4,21-Jun-2019 16:01:42.863298,Booster
641,94 ,1,21-Jun-2019 16:01:42.863298,Accumulator
642,E9 ,20,21-Jun-2019 16:01:42.863298,Recycler
643,1C ,2,21-Jun-2019 16:01:42.933298,Booster
644,1C ,2,21-Jun-2019 16:01:42.993298,Booster
645,1D ,4,21-Jun-2019 16:01:43.063298,Booster
646,1D ,4,21-Jun-2019 16:01:43.133298,Booster
647,E3 ,6,21-Jun-2019 16:01:43.133298,Recycler
648,A5 ,2,21-Jun-2019 16:01:43.133298,NuMI
649,15 ,2,21-Jun-2019 16:01:43.193298,Booster
650,15 ,2,21-Jun-2019 16:01:43.263298,Booster
651,15 ,2,21-Jun-2019 16:01:43.333298,Booster
652,15 ,2,21-Jun-2019 16:01:43.393298,Booster
653,15 ,2,21-Jun-2019 16:01:43.463298,Booster
654,15 ,2,21-Jun-2019 16:01:43.533298,Booster
655,15 ,2,21-Jun-2019 16:01:43.593298,Booster
656,15 ,2,21-Jun-2019 16:01:43.663298,Booster
657,15 ,2,21-Jun-2019 16:01:43.733298,Booster
658,15 ,2,21-Jun-2019 16:01:43.793298,Booster
659,15 ,2,21-Jun-2019 16:01:43.863298,Booster
660,15 ,2,21-Jun-2019 16:01:43.933298,Booster
661,2A ,9,21-Jun-2019 16:01:43.933298,MI
662,AE ,2,21-Jun-2019 16:01:43.933298,NuMI
663,1D ,4,21-Jun-2019 16:01:43.993298,Booster
664,93 ,1,21-Jun-2019 16:01:43.993298,Accumulator
665,E9 ,20,21-Jun-2019 16:01:43.993298,Recycler
666,1C ,2,21-Jun-2019 16:01:44.063298,Booster
667,1C ,2,21-Jun-2019 16:01:44.133298,Booster
668,1D ,4,21-Jun-2019 16:01:44.193298,Booster
669,1D ,4,21-Jun-2019 16:01:44.263298,Booster
670,94 ,1,21-Jun-2019 16:01:44.263298,Accumulator
671,E9 ,20,21-Jun-2019 16:01:44.263298,Recycler
672,1C ,2,21-Jun-2019 16:01:44.333298,Booster
673,1C ,2,21-Jun-2019 16:01:44.393298,Booster
674,1D ,4,21-Jun-2019 16:01:44.463298,Booster
675,1D ,4,21-Jun-2019 16:01:44.533298,Booster
676,E3 ,6,21-Jun-2019 16:01:44.533298,Recycler
677,A5 ,2,21-Jun-2019 16:01:44.533298,NuMI
678,15 ,2,21-Jun-2019 16:01:44.593298,Booster
679,15 ,2,21-Jun-2019 16:01:44.663298,Booster
680,15 ,2,21-Jun-2019 16:01:44.733298,Booster
681,15 ,2,21-Jun-2019 16:01:44.793298,Booster
682,15 ,2,21-Jun-2019 16:01:44.863298,Booster
683,15 ,2,21-Jun-2019 16:01:44.933298,Booster
684,15 ,2,21-Jun-2019 16:01:44.993298,Booster
685,15 ,2,21-Jun-2019 16:01:45.063298,Booster
686,15 ,2,21-Jun-2019 16:01:45.133298,Booster
687,15 ,2,21-Jun-2019 16:01:45.193298,Booster
688,15 ,2,21-Jun-2019 16:01:45.263298,Booster
689,15 ,2,21-Jun-2019 16:01:45.333298,Booster
690,2A ,9,21-Jun-2019 16:01:45.333298,MI
691,AE ,2,21-Jun-2019 16:01:45.333298,NuMI
692,1D ,4,21-Jun-2019 16:01:45.393298,Booster
693,93 ,1,21-Jun-2019 16:01:45.393298,Accumulator
694,E9 ,20,21-Jun-2019 16:01:45.393298,Recycler
695,1C ,2,21-Jun-2019 16:01:45.463298,Booster
696,1C ,2,21-Jun-2019 16:01:45.533298,Booster
697,1D ,4,21-Jun-2019 16:01:45.593298,Booster
698,1D ,4,21-Jun-2019 16:01:45.663298,Booster
699,94 ,1,21-Jun-2019 16:01:45.663298,Accumulator
700,E9 ,20,21-Jun-2019 16:01:45.663298,Recycler
701,1C ,2,21-Jun-2019 16:01:45.733298,Booster
702,1C ,2,21-Jun-2019 16:01:45.793298,Booster
703,1D ,4,21-Jun-2019 16:01:45.863298,Booster
704,1D ,4,21-Jun-2019 16:01:45.933298,Booster
705,E3 ,6,21-Jun-2019 16:01:45.933298,Recycler
706,A5 ,2,21-Jun-2019 16:01:45.933298,NuMI
707,15 ,2,21-Jun-2019 16:01:45.993298,Booster
708,15 ,2,21-Jun-2019 16:01:46.063298,Booster
709,15 ,2,21-Jun-2019 16:01:46.133298,Booster
710,15 ,2,21-Jun-2019 16:01:46.193298,Booster
711,15 ,2,21-Jun-2019 16:01:46.263298,Booster
712,15 ,2,21-Jun-2019 16:01:46.333298,Booster
713,15 ,2,21-Jun-2019 16:01:46.393298,Booster
714,15 ,2,21-Jun-2019 16:01:46.463298,Booster
715,15 ,2,21-Jun-2019 16:01:46.533298,Booster
716,15 ,2,21-Jun-2019 16:01:46.593298,Booster
717,15 ,2,21-Jun-2019 16:01:46.663298,Booster
718,15 ,2,21-Jun-2019 16:01:46.733298,Booster
719,2A ,9,21-Jun-2019 16:01:46.733298,MI
720,AE ,2,21-Jun-2019 16:01:46.733298,NuMI
721,1D ,4,21-Jun-2019 16:01:46.793298,Booster
722,93 ,1,21-Jun-2019 16:01:46.793298,Accumulator
723,E9 ,20,21-Jun-2019 16:01:46.793298,Recycler
724,1C ,2,21-Jun-2019 16:01:46.863298,Booster
725,1C ,2,21-Jun-2019 16:01:46.933298,Booster
726,1D ,4,21-Jun-2019 16:01:46.993298,Booster
727,1D ,4,21-Jun-2019 16:01:47.063298,Booster
728,94 ,1,21-Jun-2019 16:01:47.063298,Accumulator
729,E9 ,20,21-Jun-2019 16:01:47.063298,Recycler
730,1C ,2,21-Jun-2019 16:01:47.133298,Booster
731,1C ,2,21-Jun-2019 16:01:47.193298,Booster
732,1D ,4,21-Jun-2019 16:01:47.263298,Booster
733,1D ,4,21-Jun-2019 16:01:47.333298,Booster
734,E3 ,6,21-Jun-2019 16:01:47.333298,Recycler
735,A5 ,2,21-Jun-2019 16:01:47.333298,NuMI
736,15 ,2,21-Jun-2019 16:01:47.393298,Booster
737,15 ,2,21-Jun-2019 16:01:47.463298,Booster
738,15 ,2,21-Jun-2019 16:01:47.533298,Booster
739,15 ,2,21-Jun-2019 16:01:47.593298,Booster
740,15 ,2,21-Jun-2019 16:01:47.663298,Booster
741,15 ,2,21-Jun-2019 16:01:47.733298,Booster
742,15 ,2,21-Jun-2019 16:01:47.793298,Booster
743,15 ,2,21-Jun-2019 16:01:47.863298,Booster
744,15 ,2,21-Jun-2019 16:01:47.933298,Booster
745,15 ,2,21-Jun-2019 16:01:47.993298,Booster
746,15 ,2,21-Jun-2019 16:01:48.063298,Booster
747,15 ,2,21-Jun-2019 16:01:48.133298,Booster
748,2A ,9,21-Jun-2019 16:01:48.133298,MI
749,AE ,2,21-Jun-2019 16:01:48.133298,NuMI
750,1D ,4,21-Jun-2019 16:01:48.193298,Booster
751,93 ,1,21-Jun-2019 16:01:48.193298,Accumulator
752,E9 ,20,21-Jun-2019 16:01:48.193298,Recycler
753,1C ,2,21-Jun-2019 16:01:48.263298,Booster
754,1C ,2,21-Jun-2019 16:01:48.333298,Booster
755,1D ,4,21-Jun-2019 16:01:48.393298,Booster
756,1D ,4,21-Jun-2019 16:01:48.463298,Booster
757,94 ,1,21-Jun-2019 16:01:48.463298,Accumulator
758,E9 ,20,21-Jun-2019 16:01:48.463298,Recycler
759,1C ,2,21-Jun-2019 16:01:48.533298,Booster
760,1C ,2,21-Jun-2019 16:01:48.593298,Booster
761,1D ,4,21-Jun-2019 16:01:48.663298,Booster
762,1D ,4,21-Jun-2019 16:01:48.733298,Booster
763,E3 ,6,21-Jun-2019 16:01:48.733298,Recycler
764,A5 ,2,21-Jun-2019 16:01:48.733298,NuMI
765,15 ,2,21-Jun-2019 16:01:48.793298,Booster
766,15 ,2,21-Jun-2019 16:01:48.863298,Booster
767,15 ,2,21-Jun-2019 16:01:48.933298,Booster
768,15 ,2,21-Jun-2019 16:01:48.993298,Booster
769,15 ,2,21-Jun-2019 16:01:49.063298,Booster
770,15 ,2,21-Jun-2019 16:01:49.133298,Booster
771,15 ,2,21-Jun-2019 16:01:49.193298,Booster
772,15 ,2,21-Jun-2019 16:01:49.263298,Booster
773,15 ,2,21-Jun-2019 16:01:49.333298,Booster
774,15 ,2,21-Jun-2019 16:01:49.393298,Booster
775,15 ,2,21-Jun-2019 16:01:49.463298,Booster
776,15 ,2,21-Jun-2019 16:01:49.533298,Booster
777,2A ,9,21-Jun-2019 16:01:49.533298,MI
778,AE ,2,21-Jun-2019 16:01:49.533298,NuMI
779,1D ,4,21-Jun-2019 16:01:49.593298,Booster
780,93 ,1,21-Jun-2019 16:01:49.593298,Accumulator
781,E9 ,20,21-Jun-2019 16:01:49.593298,Recycler
782,1C ,2,21-Jun-2019 16:01:49.663298,Booster
783,1C ,2,21-Jun-2019 16:01:49.733298,Booster
784,1D ,4,21-Jun-2019 16:01:49.793298,Booster
785,1D ,4,21-Jun-2019 16:01:49.863298,Booster
786,94 ,1,21-Jun-2019 16:01:49.863298,Accumulator
787,E9 ,20,21-Jun-2019 16:01:49.863298,Recycler
788,1C ,2,21-Jun-2019 16:01:49.933298,Booster
789,1C ,2,21-Jun-2019 16:01:49.993298,Booster
790,1D ,4,21-Jun-2019 16:01:50.063298,Booster
791,1D ,4,21-Jun-2019 16:01:50.133298,Booster
792,E3 ,6,21-Jun-2019 16:01:50.133298,Recycler
793,A5 ,2,21-Jun-2019 16:01:50.133298,NuMI
794,15 ,2,21-Jun-2019 16:01:50.193298,Booster
795,15 ,2,21-Jun-2019 16:01:50.263298,Booster
796,15 ,2,21-Jun-2019 16:01:50.333298,Booster
797,15 ,2,21-Jun-2019 16:01:50.393298,Booster
798,15 ,2,21-Jun-2019 16:01:50.463298,Booster
799,15 ,2,21-Jun-2019 16:01:50.533298,Booster
800,15 ,2,21-Jun-2019 16:01:50.593298,Booster
801,15 ,2,21-Jun-2019 16:01:50.663298,Booster
802,15 ,2,21-Jun-2019 16:01:50.733298,Booster
803,15 ,2,21-Jun-2019 16:01:50.793298,Booster
804,15 ,2,21-Jun-2019 16:01:50.863298,Booster
805,15 ,2,21-Jun-2019 16:01:50.933298,Booster
806,2A ,9,21-Jun-2019 16:01:50.933298,MI
807,AE ,2,21-Jun-2019 16:01:50.933298,NuMI
808,1D ,4,21-Jun-2019 16:01:50.993298,Booster
809,93 ,1,21-Jun-2019 16:01:50.993298,Accumulator
810,E9 ,20,21-Jun-2019 16:01:50.993298,Recycler
811,1C ,2,21-Jun-2019 16:01:51.063298,Booster
812,1C ,2,21-Jun-2019 16:01:51.133298,Booster
813,12 ,1,21-Jun-2019 16:01:51.193298,Booster
814,17 ,5,21-Jun-2019 16:01:51.263298,Booster
815,94 ,1,21-Jun-2019 16:01:51.263298,Accumulator
816,E9 ,20,21-Jun-2019 16:01:51.263298,Recycler
817,1C ,2,21-Jun-2019 16:01:51.333298,Booster
818,1C ,2,21-Jun-2019 16:01:51.393298,Booster
819,1D ,4,21-Jun-2019 16:01:51.463298,Booster
820,1D ,4,21-Jun-2019 16:01:51.533298,Booster
821,E3 ,6,21-Jun-2019 16:01:51.533298,Recycler
822,A5 ,2,21-Jun-2019 16:01:51.533298,NuMI
823,15 ,2,21-Jun-2019 16:01:51.593298,Booster
824,15 ,2,21-Jun-2019 16:01:51.663298,Booster
825,15 ,2,21-Jun-2019 16:01:51.733298,Booster
826,15 ,2,21-Jun-2019 16:01:51.793298,Booster
827,15 ,2,21-Jun-2019 16:01:51.863298,Booster
828,15 ,2,21-Jun-2019 16:01:51.933298,Booster
829,15 ,2,21-Jun-2019 16:01:51.993298,Booster
830,15 ,2,21-Jun-2019 16:01:52.063298,Booster
831,15 ,2,21-Jun-2019 16:01:52.133298,Booster
832,15 ,2,21-Jun-2019 16:01:52.193298,Booster
833,15 ,2,21-Jun-2019 16:01:52.263298,Booster
834,15 ,2,21-Jun-2019 16:01:52.333298,Booster
835,2A ,9,21-Jun-2019 16:01:52.333298,MI
836,AE ,2,21-Jun-2019 16:01:52.333298,NuMI
837,1D ,4,21-Jun-2019 16:01:52.393298,Booster
838,93 ,1,21-Jun-2019 16:01:52.393298,Accumulator
839,E9 ,20,21-Jun-2019 16:01:52.393298,Recycler
840,1C ,2,21-Jun-2019 16:01:52.463298,Booster
841,1C ,2,21-Jun-2019 16:01:52.533298,Booster
842,1D ,4,21-Jun-2019 16:01:52.593298,Booster
843,1D ,4,21-Jun-2019 16:01:52.663298,Booster
844,94 ,1,21-Jun-2019 16:01:52.663298,Accumulator
845,E9 ,20,21-Jun-2019 16:01:52.663298,Recycler
846,1C ,2,21-Jun-2019 16:01:52.733298,Booster
847,1C ,2,21-Jun-2019 16:01:52.793298,Booster
848,1D ,4,21-Jun-2019 16:01:52.863298,Booster
849,1D ,4,21-Jun-2019 16:01:52.933298,Booster
850,E3 ,6,21-Jun-2019 16:01:52.933298,Recycler
851,A5 ,2,21-Jun-2019 16:01:52.933298,NuMI
852,15 ,2,21-Jun-2019 16:01:52.993298,Booster
853,15 ,2,21-Jun-2019 16:01:53.063298,Booster
854,15 ,2,21-Jun-2019 16:01:53.133298,Booster
855,15 ,2,21-Jun-2019 16:01:53.193298,Booster
856,15 ,2,21-Jun-2019 16:01:53.263298,Booster
857,15 ,2,21-Jun-2019 16:01:53.333298,Booster
858,15 ,2,21-Jun-2019 16:01:53.393298,Booster
859,15 ,2,21-Jun-2019 16:01:53.463298,Booster
860,15 ,2,21-Jun-2019 16:01:53.533298,Booster
861,15 ,2,21-Jun-2019 16:01:53.593298,Booster
862,15 ,2,21-Jun-2019 16:01:53.663298,Booster
863,15 ,2,21-Jun-2019 16:01:53.733298,Booster
864,2A ,9,21-Jun-2019 16:01:53.733298,MI
865,AE ,2,21-Jun-2019 16:01:53.733298,NuMI
866,1D ,4,21-Jun-2019 16:01:53.793298,Booster
867,93 ,1,21-Jun-2019 16:01:53.793298,Accumulator
868,E9 ,20,21-Jun-2019 16:01:53.793298,Recycler
869,1C ,2,21-Jun-2019 16:01:53.863298,Booster
870,1C ,2,21-Jun-2019 16:01:53.933298,Booster
871,1D ,4,21-Jun-2019 16:01:53.993298,Booster
872,1D ,4,21-Jun-2019 16:01:54.063298,Booster
873,94 ,1,21-Jun-2019 16:01:54.063298,Accumulator
874,E9 ,20,21-Jun-2019 16:01:54.063298,Recycler
875,1C ,2,21-Jun-2019 16:01:54.133298,Booster
876,1C ,2,21-Jun-2019 16:01:54.193298,Booster
877,1D ,4,21-Jun-2019 16:01:54.263298,Booster
878,1D ,4,21-Jun-2019 16:01:54.333298,Booster
879,E3 ,6,21-Jun-2019 16:01:54.333298,Recycler
880,A5 ,2,21-Jun-2019 16:01:54.333298,NuMI
881,15 ,2,21-Jun-2019 16:01:54.393298,Booster
882,15 ,2,21-Jun-2019 16:01:54.463298,Booster
883,15 ,2,21-Jun-2019 16:01:54.533298,Booster
884,15 ,2,21-Jun-2019 16:01:54.593298,Booster
885,15 ,2,21-Jun-2019 16:01:54.663298,Booster
886,15 ,2,21-Jun-2019 16:01:54.733298,Booster
887,15 ,2,21-Jun-2019 16:01:54.793298,Booster
888,15 ,2,21-Jun-2019 16:01:54.863298,Booster
889,15 ,2,21-Jun-2019 16:01:54.933298,Booster
890,15 ,2,21-Jun-2019 16:01:54.993298,Booster
891,15 ,2,21-Jun-2019 16:01:55.063298,Booster
892,15 ,2,21-Jun-2019 16:01:55.133298,Booster
893,2A ,9,21-Jun-2019 16:01:55.133298,MI
894,AE ,2,21-Jun-2019 16:01:55.133298,NuMI
895,1D ,4,21-Jun-2019 16:01:55.193298,Booster
896,93 ,1,21-Jun-2019 16:01:55.193298,Accumulator
897,E9 ,20,21-Jun-2019 16:01:55.193298,Recycler
898,1C ,2,21-Jun-2019 16:01:55.263298,Booster
899,1C ,2,21-Jun-2019 16:01:55.333298,Booster
900,1D ,4,21-Jun-2019 16:01:55.393298,Booster
901,1D ,4,21-Jun-2019 16:01:55.463298,Booster
902,94 ,1,21-Jun-2019 16:01:55.463298,Accumulator
903,E9 ,20,21-Jun-2019 16:01:55.463298,Recycler
904,1C ,2,21-Jun-2019 16:01:55.533298,Booster
905,1C ,2,21-Jun-2019 16:01:55.593298,Booster
906,1D ,4,21-Jun-2019 16:01:55.663298,Booster
907,1D ,4,21-Jun-2019 16:01:55.733298,Booster
908,E3 ,6,21-Jun-2019 16:01:55.733298,Recycler
909,A5 ,2,21-Jun-2019 16:01:55.733298,NuMI
910,15 ,2,21-Jun-2019 16:01:55.793298,Booster
911,15 ,2,21-Jun-2019 16:01:55.863298,Booster
912,15 ,2,21-Jun-2019 16:01:55.933298,Booster
913,15 ,2,21-Jun-2019 16:01:55.993298,Booster
914,15 ,2,21-Jun-2019 16:01:56.063298,Booster
915,15 ,2,21-Jun-2019 16:01:56.133298,Booster
916,15 ,2,21-Jun-2019 16:01:56.193298,Booster
917,15 ,2,21-Jun-2019 16:01:56.263298,Booster
918,15 ,2,21-Jun-2019 16:01:56.333298,Booster
919,15 ,2,21-Jun-2019 16:01:56.393298,Booster
920,15 ,2,21-Jun-2019 16:01:56.463298,Booster
921,15 ,2,21-Jun-2019 16:01:56.533298,Booster
922,2A ,9,21-Jun-2019 16:01:56.533298,MI
923,AE ,2,21-Jun-2019 16:01:56.533298,NuMI
924,1D ,4,21-Jun-2019 16:01:56.593298,Booster
925,93 ,1,21-Jun-2019 16:01:56.593298,Accumulator
926,E9 ,20,21-Jun-2019 16:01:56.593298,Recycler
927,1C ,2,21-Jun-2019 16:01:56.663298,Booster
928,1C ,2,21-Jun-2019 16:01:56.733298,Booster
929,1D ,4,21-Jun-2019 16:01:56.793298,Booster
930,1D ,4,21-Jun-2019 16:01:56.863298,Booster
931,94 ,1,21-Jun-2019 16:01:56.863298,Accumulator
932,E9 ,20,21-Jun-2019 16:01:56.863298,Recycler
933,1C ,2,21-Jun-2019 16:01:56.933298,Booster
934,1C ,2,21-Jun-2019 16:01:56.993298,Booster
935,1D ,4,21-Jun-2019 16:01:57.063298,Booster
936,1D ,4,21-Jun-2019 16:01:57.133298,Booster
937,E3 ,6,21-Jun-2019 16:01:57.133298,Recycler
938,A5 ,2,21-Jun-2019 16:01:57.133298,NuMI
939,15 ,2,21-Jun-2019 16:01:57.193298,Booster
940,15 ,2,21-Jun-2019 16:01:57.263298,Booster
941,15 ,2,21-Jun-2019 16:01:57.333298,Booster
942,15 ,2,21-Jun-2019 16:01:57.393298,Booster
943,15 ,2,21-Jun-2019 16:01:57.463298,Booster
944,15 ,2,21-Jun-2019 16:01:57.533298,Booster
945,15 ,2,21-Jun-2019 16:01:57.593298,Booster
946,15 ,2,21-Jun-2019 16:01:57.663298,Booster
947,15 ,2,21-Jun-2019 16:01:57.733298,Booster
948,15 ,2,21-Jun-2019 16:01:57.793298,Booster
949,15 ,2,21-Jun-2019 16:01:57.863298,Booster
950,15 ,2,21-Jun-2019 16:01:57.933298,Booster
951,2A ,9,21-Jun-2019 16:01:57.933298,MI
952,AE ,2,21-Jun-2019 16:01:57.933298,NuMI
953,1D ,4,21-Jun-2019 16:01:57.993298,Booster
954,93 ,1,21-Jun-2019 16:01:57.993298,Accumulator
955,E9 ,20,21-Jun-2019 16:01:57.993298,Recycler
956,1C ,2,21-Jun-2019 16:01:58.063298,Booster
957,1C ,2,21-Jun-2019 16:01:58.133298,Booster
958,1D ,4,21-Jun-2019 16:01:58.193298,Booster
959,1D ,4,21-Jun-2019 16:01:58.263298,Booster
960,94 ,1,21-Jun-2019 16:01:58.263298,Accumulator
961,E9 ,20,21-Jun-2019 16:01:58.263298,Recycler
962,1C ,2,21-Jun-2019 16:01:58.333298,Booster
963,1C ,2,21-Jun-2019 16:01:58.393298,Booster
964,1D ,4,21-Jun-2019 16:01:58.463298,Booster
965,1D ,4,21-Jun-2019 16:01:58.533298,Booster
966,E3 ,6,21-Jun-2019 16:01:58.533298,Recycler
967,A5 ,2,21-Jun-2019 16:01:58.533298,NuMI
968,15 ,2,21-Jun-2019 16:01:58.593298,Booster
969,15 ,2,21-Jun-2019 16:01:58.663298,Booster
970,15 ,2,21-Jun-2019 16:01:58.733298,Booster
971,15 ,2,21-Jun-2019 16:01:58.793298,Booster
972,15 ,2,21-Jun-2019 16:01:58.863298,Booster
973,15 ,2,21-Jun-2019 16:01:58.933298,Booster
974,15 ,2,21-Jun-2019 16:01:58.993298,Booster
975,15 ,2,21-Jun-2019 16:01:59.063298,Booster
976,15 ,2,21-Jun-2019 16:01:59.133298,Booster
977,15 ,2,21-Jun-2019 16:01:59.193298,Booster
978,15 ,2,21-Jun-2019 16:01:59.263298,Booster
979,15 ,2,21-Jun-2019 16:01:59.333298,Booster
980,2A ,9,21-Jun-2019 16:01:59.333298,MI
981,AE ,2,21-Jun-2019 16:01:59.333298,NuMI
982,1D ,4,21-Jun-2019 16:01:59.393298,Booster
983,93 ,1,21-Jun-2019 16:01:59.393298,Accumulator
984,E9 ,20,21-Jun-2019 16:01:59.393298,Recycler
985,1C ,2,21-Jun-2019 16:01:59.463298,Booster
986,1C ,2,21-Jun-2019 16:01:59.533298,Booster
987,1D ,4,21-Jun-2019 16:01:59.593298,Booster
988,1D ,4,21-Jun-2019 16:01:59.663298,Booster
989,94 ,1,21-Jun-2019 16:01:59.663298,Accumulator
990,E9 ,20,21-Jun-2019 16:01:59.663298,Recycler
991,1C ,2,21-Jun-2019 16:01:59.733298,Booster
992,1C ,2,21-Jun-2019 16:01:59.793298,Booster
993,1D ,4,21-Jun-2019 16:01:59.863298,Booster
994,1D ,4,21-Jun-2019 16:01:59.933298,Booster
995,E3 ,6,21-Jun-2019 16:01:59.933298,Recycler
996,A5 ,2,21-Jun-2019 16:01:59.933298,NuMI
997,15 ,2,21-Jun-2019 16:01:59.993298,Booster
998,15 ,2,21-Jun-2019 16:02:00.063298,Booster
999,15 ,2,21-Jun-2019 16:02:00.133298,Booster
1000,15 ,2,21-Jun-2019 16:02:00.193298,Booster
1001,15 ,2,21-Jun-2019 16:02:00.263298,Booster
1002,15 ,2,21-Jun-2019 16:02:00.333298,Booster
1003,15 ,2,21-Jun-2019 16:02:00.393298,Booster
1004,15 ,2,21-Jun-2019 16:02:00.463298,Booster
1005,15 ,2,21-Jun-2019 16:02:00.533298,Booster
1006,15 ,2,21-Jun-2019 16:02:00.593298,Booster
1007,15 ,2,21-Jun-2019 16:02:00.663298,Booster
1008,15 ,2,21-Jun-2019 16:02:00.733298,Booster
1009,2A ,9,21-Jun-2019 16:02:00.733298,MI
1010,AE ,2,21-Jun-2019 16:02:00.733298,NuMI
1011,1D ,4,21-Jun-2019 16:02:00.793298,Booster
1012,93 ,1,21-Jun-2019 16:02:00.793298,Accumulator
1013,E9 ,20,21-Jun-2019 16:02:00.793298,Recycler
1014,1C ,2,21-Jun-2019 16:02:00.863298,Booster
1015,1C ,2,21-Jun-2019 16:02:00.933298,Booster
1016,1D ,4,21-Jun-2019 16:02:00.993298,Booster
1017,1D ,4,21-Jun-2019 16:02:01.063298,Booster
1018,94 ,1,21-Jun-2019 16:02:01.063298,Accumulator
1019,E9 ,20,21-Jun-2019 16:02:01.063298,Recycler
1020,1C ,2,21-Jun-2019 16:02:01.133298,Booster
1021,1C ,2,21-Jun-2019 16:02:01.193298,Booster
1022,12 ,1,21-Jun-2019 16:02:01.263298,Booster
1023,17 ,5,21-Jun-2019 16:02:01.333298,Booster
1024,E3 ,6,21-Jun-2019 16:02:01.333298,Recycler
1025,A5 ,2,21-Jun-2019 16:02:01.333298,NuMI
1026,15 ,2,21-Jun-2019 16:02:01.393298,Booster
1027,15 ,2,21-Jun-2019 16:02:01.463298,Booster
1028,15 ,2,21-Jun-2019 16:02:01.533298,Booster
1029,15 ,2,21-Jun-2019 16:02:01.593298,Booster
1030,15 ,2,21-Jun-2019 16:02:01.663298,Booster
1031,15 ,2,21-Jun-2019 16:02:01.733298,Booster
1032,15 ,2,21-Jun-2019 16:02:01.793298,Booster
1033,15 ,2,21-Jun-2019 16:02:01.863298,Booster
1034,15 ,2,21-Jun-2019 16:02:01.933298,Booster
1035,15 ,2,21-Jun-2019 16:02:01.993298,Booster
1036,15 ,2,21-Jun-2019 16:02:02.063298,Booster
1037,15 ,2,21-Jun-2019 16:02:02.133298,Booster
1038,2A ,9,21-Jun-2019 16:02:02.133298,MI
1039,AE ,2,21-Jun-2019 16:02:02.133298,NuMI
1040,1D ,4,21-Jun-2019 16:02:02.193298,Booster
1041,93 ,1,21-Jun-2019 16:02:02.193298,Accumulator
1042,E9 ,20,21-Jun-2019 16:02:02.193298,Recycler
1043,1C ,2,21-Jun-2019 16:02:02.263298,Booster
1044,1C ,2,21-Jun-2019 16:02:02.333298,Booster
1045,1D ,4,21-Jun-2019 16:02:02.393298,Booster
1046,1D ,4,21-Jun-2019 16:02:02.463298,Booster
1047,94 ,1,21-Jun-2019 16:02:02.463298,Accumulator
1048,E9 ,20,21-Jun-2019 16:02:02.463298,Recycler
1049,1C ,2,21-Jun-2019 16:02:02.533298,Booster
1050,1C ,2,21-Jun-2019 16:02:02.593298,Booster
1051,1D ,4,21-Jun-2019 16:02:02.663298,Booster
1052,1D ,4,21-Jun-2019 16:02:02.733298,Booster
1053,E3 ,6,21-Jun-2019 16:02:02.733298,Recycler
1054,A5 ,2,21-Jun-2019 16:02:02.733298,NuMI
1055,15 ,2,21-Jun-2019 16:02:02.793298,Booster
1056,15 ,2,21-Jun-2019 16:02:02.863298,Booster
1057,15 ,2,21-Jun-2019 16:02:02.933298,Booster
1058,15 ,2,21-Jun-2019 16:02:02.993298,Booster
1059,15 ,2,21-Jun-2019 16:02:03.063298,Booster
1060,15 ,2,21-Jun-2019 16:02:03.133298,Booster
1061,15 ,2,21-Jun-2019 16:02:03.193298,Booster
1062,15 ,2,21-Jun-2019 16:02:03.263298,Booster
1063,15 ,2,21-Jun-2019 16:02:03.333298,Booster
1064,15 ,2,21-Jun-2019 16:02:03.393298,Booster
1065,15 ,2,21-Jun-2019 16:02:03.463298,Booster
1066,15 ,2,21-Jun-2019 16:02:03.533298,Booster
1067,2A ,9,21-Jun-2019 16:02:03.533298,MI
1068,AE ,2,21-Jun-2019 16:02:03.533298,NuMI
1069,1D ,4,21-Jun-2019 16:02:03.593298,Booster
1070,93 ,1,21-Jun-2019 16:02:03.593298,Accumulator
1071,E9 ,20,21-Jun-2019 16:02:03.593298,Recycler
1072,1C ,2,21-Jun-2019 16:02:03.663298,Booster
1073,1C ,2,21-Jun-2019 16:02:03.733298,Booster
1074,1D ,4,21-Jun-2019 16:02:03.793298,Booster
1075,1D ,4,21-Jun-2019 16:02:03.863298,Booster
1076,94 ,1,21-Jun-2019 16:02:03.863298,Accumulator
1077,E9 ,20,21-Jun-2019 16:02:03.863298,Recycler
1078,1C ,2,21-Jun-2019 16:02:03.933298,Booster
1079,1C ,2,21-Jun-2019 16:02:03.993298,Booster
1080,1D ,4,21-Jun-2019 16:02:04.063298,Booster
1081,1D ,4,21-Jun-2019 16:02:04.133298,Booster
1082,E3 ,6,21-Jun-2019 16:02:04.133298,Recycler
1083,A5 ,2,21-Jun-2019 16:02:04.133298,NuMI
1084,15 ,2,21-Jun-2019 16:02:04.193298,Booster
1085,15 ,2,21-Jun-2019 16:02:04.263298,Booster
1086,15 ,2,21-Jun-2019 16:02:04.333298,Booster
1087,15 ,2,21-Jun-2019 16:02:04.393298,Booster
1088,15 ,2,21-Jun-2019 16:02:04.463298,Booster
1089,15 ,2,21-Jun-2019 16:02:04.533298,Booster
1090,15 ,2,21-Jun-2019 16:02:04.593298,Booster
1091,15 ,2,21-Jun-2019 16:02:04.663298,Booster
1092,15 ,2,21-Jun-2019 16:02:04.733298,Booster
1093,15 ,2,21-Jun-2019 16:02:04.793298,Booster
1094,15 ,2,21-Jun-2019 16:02:04.863298,Booster
1095,15 ,2,21-Jun-2019 16:02:04.933298,Booster
1096,2A ,9,21-Jun-2019 16:02:04.933298,MI
1097,AE ,2,21-Jun-2019 16:02:04.933298,NuMI
1098,1D ,4,21-Jun-2019 16:02:04.993298,Booster
1099,93 ,1,21-Jun-2019 16:02:04.993298,Accumulator
1100,E9 ,20,21-Jun-2019 16:02:04.993298,Recycler
1101,1C ,2,21-Jun-2019 16:02:05.063298,Booster
1102,1C ,2,21-Jun-2019 16:02:05.133298,Booster
1103,1D ,4,21-Jun-2019 16:02:05.193298,Booster
1104,1D ,4,21-Jun-2019 16:02:05.263298,Booster
1105,94 ,1,21-Jun-2019 16:02:05.263298,Accumulator
1106,E9 ,20,21-Jun-2019 16:02:05.263298,Recycler
1107,1C ,2,21-Jun-2019 16:02:05.333298,Booster
1108,1C ,2,21-Jun-2019 16:02:05.393298,Booster
1109,1D ,4,21-Jun-2019 16:02:05.463298,Booster
1110,1D ,4,21-Jun-2019 16:02:05.533298,Booster
1111,E3 ,6,21-Jun-2019 16:02:05.533298,Recycler
1112,A5 ,2,21-Jun-2019 16:02:05.533298,NuMI
1113,15 ,2,21-Jun-2019 16:02:05.593298,Booster
1114,15 ,2,21-Jun-2019 16:02:05.663298,Booster
1115,15 ,2,21-Jun-2019 16:02:05.733298,Booster
1116,15 ,2,21-Jun-2019 16:02:05.793298,Booster
1117,15 ,2,21-Jun-2019 16:02:05.863298,Booster
1118,15 ,2,21-Jun-2019 16:02:05.933298,Booster
1119,15 ,2,21-Jun-2019 16:02:05.993298,Booster
1120,15 ,2,21-Jun-2019 16:02:06.063298,Booster
1121,15 ,2,21-Jun-2019 16:02:06.133298,Booster
1122,15 ,2,21-Jun-2019 16:02:06.193298,Booster
1123,15 ,2,21-Jun-2019 16:02:06.263298,Booster
1124,15 ,2,21-Jun-2019 16:02:06.333298,Booster
1125,2A ,9,21-Jun-2019 16:02:06.333298,MI
1126,AE ,2,21-Jun-2019 16:02:06.333298,NuMI
1127,1D ,4,21-Jun-2019 16:02:06.393298,Booster
1128,93 ,1,21-Jun-2019 16:02:06.393298,Accumulator
1129,E9 ,20,21-Jun-2019 16:02:06.393298,Recycler
1130,1C ,2,21-Jun-2019 16:02:06.463298,Booster
1131,1C ,2,21-Jun-2019 16:02:06.533298,Booster
1132,1D ,4,21-Jun-2019 16:02:06.593298,Booster
1133,1D ,4,21-Jun-2019 16:02:06.663298,Booster
1134,94 ,1,21-Jun-2019 16:02:06.663298,Accumulator
1135,E9 ,20,21-Jun-2019 16:02:06.663298,Recycler
1136,1C ,2,21-Jun-2019 16:02:06.733298,Booster
1137,1C ,2,21-Jun-2019 16:02:06.793298,Booster
1138,1D ,4,21-Jun-2019 16:02:06.863298,Booster
1139,1D ,4,21-Jun-2019 16:02:06.933298,Booster
1140,E3 ,6,21-Jun-2019 16:02:06.933298,Recycler
1141,A5 ,2,21-Jun-2019 16:02:06.933298,NuMI
1142,15 ,2,21-Jun-2019 16:02:06.993298,Booster
1143,15 ,2,21-Jun-2019 16:02:07.063298,Booster
1144,15 ,2,21-Jun-2019 16:02:07.133298,Booster
1145,15 ,2,21-Jun-2019 16:02:07.193298,Booster
1146,15 ,2,21-Jun-2019 16:02:07.263298,Booster
1147,15 ,2,21-Jun-2019 16:02:07.333298,Booster
1148,15 ,2,21-Jun-2019 16:02:07.393298,Booster
1149,15 ,2,21-Jun-2019 16:02:07.463298,Booster
1150,15 ,2,21-Jun-2019 16:02:07.533298,Booster
1151,15 ,2,21-Jun-2019 16:02:07.593298,Booster
1152,15 ,2,21-Jun-2019 16:02:07.663298,Booster
1153,15 ,2,21-Jun-2019 16:02:07.733298,Booster
1154,2A ,9,21-Jun-2019 16:02:07.733298,MI
1155,AE ,2,21-Jun-2019 16:02:07.733298,NuMI
1156,1D ,4,21-Jun-2019 16:02:07.793298,Booster
1157,93 ,1,21-Jun-2019 16:02:07.793298,Accumulator
1158,E9 ,20,21-Jun-2019 16:02:07.793298,Recycler
1159,1C ,2,21-Jun-2019 16:02:07.863298,Booster
1160,1C ,2,21-Jun-2019 16:02:07.933298,Booster
1161,1D ,4,21-Jun-2019 16:02:07.993298,Booster
1162,1D ,4,21-Jun-2019 16:02:08.063298,Booster
1163,94 ,1,21-Jun-2019 16:02:08.063298,Accumulator
1164,E9 ,20,21-Jun-2019 16:02:08.063298,Recycler
1165,1C ,2,21-Jun-2019 16:02:08.133298,Booster
1166,1C ,2,21-Jun-2019 16:02:08.193298,Booster
1167,1D ,4,21-Jun-2019 16:02:08.263298,Booster
