0,1D ,4,21-Jun-2019 16:24:31.090624,Booster
1,E3 ,6,21-Jun-2019 16:24:31.090624,Recycler
2,A5 ,2,21-Jun-2019 16:24:31.090624,NuMI
3,15 ,2,21-Jun-2019 16:24:31.157323,Booster
4,15 ,2,21-Jun-2019 16:24:31.223924,Booster
5,15 ,2,21-Jun-2019 16:24:31.290624,Booster
6,15 ,2,21-Jun-2019 16:24:31.357324,Booster
7,15 ,2,21-Jun-2019 16:24:31.423924,Booster
8,15 ,2,21-Jun-2019 16:24:31.490624,Booster
9,15 ,2,21-Jun-2019 16:24:31.557324,Booster
10,15 ,2,21-Jun-2019 16:24:31.623924,Booster
11,15 ,2,21-Jun-2019 16:24:31.690624,Booster
12,15 ,2,21-Jun-2019 16:24:31.757324,Booster
13,15 ,2,21-Jun-2019 16:24:31.823924,Booster
14,15 ,2,21-Jun-2019 16:24:31.890624,Booster
15,2A ,9,21-Jun-2019 16:24:31.890624,MI
16,AE ,2,21-Jun-2019 16:24:31.890624,NuMI
17,1D ,4,21-Jun-2019 16:24:31.957324,Booster
18,93 ,1,21-Jun-2019 16:24:31.957324,Accumulator
19,E9 ,20,21-Jun-2019 16:24:31.957324,Recycler
20,1C ,2,21-Jun-2019 16:24:32.023924,Booster
21,1C ,2,21-Jun-2019 16:24:32.090624,Booster
22,12 ,1,21-Jun-2019 16:24:32.157624,Booster
23,17 ,5,21-Jun-2019 16:24:32.223624,Booster
24,94 ,1,21-Jun-2019 16:24:32.223624,Accumulator
25,E9 ,20,21-Jun-2019 16:24:32.223624,Recycler
26,1C ,2,21-Jun-2019 16:24:32.290624,Booster
27,1C ,2,21-Jun-2019 16:24:32.357624,Booster
28,1D ,4,21-Jun-2019 16:24:32.423624,Booster
29,32 ,1,21-Jun-2019 16:24:32.423624,Switchyard
30,1D ,4,21-Jun-2019 16:24:32.490624,Booster
31,E3 ,6,21-Jun-2019 16:24:32.490624,Recycler
32,A5 ,2,21-Jun-2019 16:24:32.490624,NuMI
33,15 ,2,21-Jun-2019 16:24:32.557624,Booster
34,15 ,2,21-Jun-2019 16:24:32.623624,Booster
35,15 ,2,21-Jun-2019 16:24:32.690624,Booster
36,15 ,2,21-Jun-2019 16:24:32.757624,Booster
37,15 ,2,21-Jun-2019 16:24:32.823624,Booster
38,15 ,2,21-Jun-2019 16:24:32.890624,Booster
39,15 ,2,21-Jun-2019 16:24:32.957624,Booster
40,15 ,2,21-Jun-2019 16:24:33.023624,Booster
41,15 ,2,21-Jun-2019 16:24:33.090624,Booster
42,15 ,2,21-Jun-2019 16:24:33.157624,Booster
43,15 ,2,21-Jun-2019 16:24:33.223624,Booster
44,15 ,2,21-Jun-2019 16:24:33.290624,Booster
45,2A ,9,21-Jun-2019 16:24:33.290624,MI
46,AE ,2,21-Jun-2019 16:24:33.290624,NuMI
47,1D ,4,21-Jun-2019 16:24:33.357624,Booster
48,93 ,1,21-Jun-2019 16:24:33.357624,Accumulator
49,E9 ,20,21-Jun-2019 16:24:33.357624,Recycler
50,1C ,2,21-Jun-2019 16:24:33.423624,Booster
51,1C ,2,21-Jun-2019 16:24:33.490624,Booster
52,1D ,4,21-Jun-2019 16:24:33.557624,Booster
53,1D ,4,21-Jun-2019 16:24:33.623624,Booster
54,94 ,1,21-Jun-2019 16:24:33.623624,Accumulator
55,E9 ,20,21-Jun-2019 16:24:33.623624,Recycler
56,1C ,2,21-Jun-2019 16:24:33.690624,Booster
57,1C ,2,21-Jun-2019 16:24:33.757624,Booster
58,1D ,4,21-Jun-2019 16:24:33.823624,Booster
59,1D ,4,21-Jun-2019 16:24:33.890624,Booster
60,E3 ,6,21-Jun-2019 16:24:33.890624,Recycler
61,A5 ,2,21-Jun-2019 16:24:33.890624,NuMI
62,15 ,2,21-Jun-2019 16:24:33.957624,Booster
63,15 ,2,21-Jun-2019 16:24:34.023624,Booster
64,15 ,2,21-Jun-2019 16:24:34.090624,Booster
65,15 ,2,21-Jun-2019 16:24:34.157624,Booster
66,15 ,2,21-Jun-2019 16:24:34.223624,Booster
67,15 ,2,21-Jun-2019 16:24:34.290624,Booster
68,15 ,2,21-Jun-2019 16:24:34.357624,Booster
69,15 ,2,21-Jun-2019 16:24:34.423624,Booster
70,15 ,2,21-Jun-2019 16:24:34.490624,Booster
71,15 ,2,21-Jun-2019 16:24:34.557624,Booster
72,15 ,2,21-Jun-2019 16:24:34.623624,Booster
73,15 ,2,21-Jun-2019 16:24:34.690624,Booster
74,2A ,9,21-Jun-2019 16:24:34.690624,MI
75,AE ,2,21-Jun-2019 16:24:34.690624,NuMI
76,1D ,4,21-Jun-2019 16:24:34.757624,Booster
77,93 ,1,21-Jun-2019 16:24:34.757624,Accumulator
78,E9 ,20,21-Jun-2019 16:24:34.757624,Recycler
79,1C ,2,21-Jun-2019 16:24:34.823624,Booster
80,1C ,2,21-Jun-2019 16:24:34.890624,Booster
81,1D ,4,21-Jun-2019 16:24:34.957624,Booster
82,1D ,4,21-Jun-2019 16:24:35.023624,Booster
83,94 ,1,21-Jun-2019 16:24:35.023624,Accumulator
84,E9 ,20,21-Jun-2019 16:24:35.023624,Recycler
85,1C ,2,21-Jun-2019 16:24:35.090624,Booster
86,1C ,2,21-Jun-2019 16:24:35.157624,Booster
87,1D ,4,21-Jun-2019 16:24:35.223624,Booster
88,1D ,4,21-Jun-2019 16:24:35.290624,Booster
89,1D ,4,21-Jun-2019 16:24:35.357624,Booster
90,1D ,4,21-Jun-2019 16:24:35.423624,Booster
91,30 ,1,21-Jun-2019 16:24:35.423624,Accumulator
92,1D ,4,21-Jun-2019 16:24:35.490624,Booster
93,E2 ,5,21-Jun-2019 16:24:35.623624,Recycler
94,13 ,2,21-Jun-2019 16:24:35.690624,Booster
95,1D ,4,21-Jun-2019 16:24:35.757624,Booster
96,1D ,4,21-Jun-2019 16:24:35.823624,Booster
97,1D ,4,21-Jun-2019 16:24:35.890624,Booster
98,1D ,4,21-Jun-2019 16:24:35.957624,Booster
99,20 ,23,21-Jun-2019 16:24:36.023624,MI
100,12 ,1,21-Jun-2019 16:24:36.423624,Booster
101,1D ,4,21-Jun-2019 16:24:36.490624,Booster
102,1D ,4,21-Jun-2019 16:24:36.557624,Booster
103,1D ,4,21-Jun-2019 16:24:36.623624,Booster
104,12 ,1,21-Jun-2019 16:24:36.690624,Booster
105,1D ,4,21-Jun-2019 16:24:36.757624,Booster
106,1D ,4,21-Jun-2019 16:24:36.823624,Booster
107,1D ,4,21-Jun-2019 16:24:36.890624,Booster
108,1D ,4,21-Jun-2019 16:24:36.957624,Booster
109,1D ,4,21-Jun-2019 16:24:37.023624,Booster
110,E0 ,2,21-Jun-2019 16:24:38.090624,Recycler
111,19 ,2,21-Jun-2019 16:24:38.157624,Booster
112,1D ,4,21-Jun-2019 16:24:38.223624,Booster
113,1D ,4,21-Jun-2019 16:24:38.290624,Booster
114,1D ,4,21-Jun-2019 16:24:38.357624,Booster
115,1D ,4,21-Jun-2019 16:24:38.423624,Booster
116,12 ,1,21-Jun-2019 16:24:38.890624,Booster
117,1D ,4,21-Jun-2019 16:24:38.957624,Booster
118,1D ,4,21-Jun-2019 16:24:39.023624,Booster
119,1D ,4,21-Jun-2019 16:24:39.090624,Booster
120,1D ,4,21-Jun-2019 16:24:39.157624,Booster
121,1D ,4,21-Jun-2019 16:24:39.223624,Booster
122,12 ,1,21-Jun-2019 16:24:39.357624,Booster
123,1D ,4,21-Jun-2019 16:24:39.423624,Booster
124,1D ,4,21-Jun-2019 16:24:39.490624,Booster
125,1D ,4,21-Jun-2019 16:24:39.557624,Booster
126,1D ,4,21-Jun-2019 16:24:39.623624,Booster
127,1D ,4,21-Jun-2019 16:24:39.690624,Booster
128,12 ,1,21-Jun-2019 16:24:40.090624,Booster
129,1D ,4,21-Jun-2019 16:24:40.157624,Booster
130,1D ,4,21-Jun-2019 16:24:40.223624,Booster
131,1D ,4,21-Jun-2019 16:24:40.290624,Booster
132,1D ,4,21-Jun-2019 16:24:40.357624,Booster
133,1D ,4,21-Jun-2019 16:24:40.423624,Booster
134,1D ,4,21-Jun-2019 16:24:40.490624,Booster
135,1D ,4,21-Jun-2019 16:24:40.557624,Booster
136,1D ,4,21-Jun-2019 16:24:40.623624,Booster
137,E3 ,6,21-Jun-2019 16:24:40.757624,Recycler
138,A5 ,2,21-Jun-2019 16:24:40.757624,NuMI
139,15 ,2,21-Jun-2019 16:24:40.823624,Booster
140,15 ,2,21-Jun-2019 16:24:40.890624,Booster
141,15 ,2,21-Jun-2019 16:24:40.957624,Booster
142,15 ,2,21-Jun-2019 16:24:41.023624,Booster
143,15 ,2,21-Jun-2019 16:24:41.090624,Booster
144,15 ,2,21-Jun-2019 16:24:41.160624,Booster
145,15 ,2,21-Jun-2019 16:24:41.220624,Booster
146,15 ,2,21-Jun-2019 16:24:41.290624,Booster
147,15 ,2,21-Jun-2019 16:24:41.360624,Booster
148,15 ,2,21-Jun-2019 16:24:41.420624,Booster
149,15 ,2,21-Jun-2019 16:24:41.490624,Booster
150,15 ,2,21-Jun-2019 16:24:41.560624,Booster
151,2A ,9,21-Jun-2019 16:24:41.560624,MI
152,AE ,2,21-Jun-2019 16:24:41.560624,NuMI
153,1D ,4,21-Jun-2019 16:24:41.620624,Booster
154,1D ,4,21-Jun-2019 16:24:41.690624,Booster
155,1D ,4,21-Jun-2019 16:24:41.760624,Booster
156,1D ,4,21-Jun-2019 16:24:41.820624,Booster
157,1D ,4,21-Jun-2019 16:24:41.890624,Booster
158,1D ,4,21-Jun-2019 16:24:41.960624,Booster
159,1D ,4,21-Jun-2019 16:24:42.020624,Booster
160,1D ,4,21-Jun-2019 16:24:42.090624,Booster
161,1D ,4,21-Jun-2019 16:24:42.160624,Booster
162,E3 ,6,21-Jun-2019 16:24:42.160624,Recycler
163,A5 ,2,21-Jun-2019 16:24:42.160624,NuMI
164,15 ,2,21-Jun-2019 16:24:42.220624,Booster
165,15 ,2,21-Jun-2019 16:24:42.290624,Booster
166,15 ,2,21-Jun-2019 16:24:42.360624,Booster
167,15 ,2,21-Jun-2019 16:24:42.420624,Booster
168,15 ,2,21-Jun-2019 16:24:42.490624,Booster
169,15 ,2,21-Jun-2019 16:24:42.560624,Booster
170,15 ,2,21-Jun-2019 16:24:42.620624,Booster
171,15 ,2,21-Jun-2019 16:24:42.690624,Booster
172,15 ,2,21-Jun-2019 16:24:42.760624,Booster
173,15 ,2,21-Jun-2019 16:24:42.820624,Booster
174,15 ,2,21-Jun-2019 16:24:42.890624,Booster
175,15 ,2,21-Jun-2019 16:24:42.960624,Booster
176,2A ,9,21-Jun-2019 16:24:42.960624,MI
177,AE ,2,21-Jun-2019 16:24:42.960624,NuMI
178,12 ,1,21-Jun-2019 16:24:43.020624,Booster
179,17 ,5,21-Jun-2019 16:24:43.090624,Booster
180,1D ,4,21-Jun-2019 16:24:43.160624,Booster
181,1D ,4,21-Jun-2019 16:24:43.220624,Booster
182,1D ,4,21-Jun-2019 16:24:43.290624,Booster
183,1D ,4,21-Jun-2019 16:24:43.360624,Booster
184,1D ,4,21-Jun-2019 16:24:43.420624,Booster
185,1D ,4,21-Jun-2019 16:24:43.490624,Booster
186,1D ,4,21-Jun-2019 16:24:43.560624,Booster
187,E3 ,6,21-Jun-2019 16:24:43.560624,Recycler
188,A5 ,2,21-Jun-2019 16:24:43.560624,NuMI
189,15 ,2,21-Jun-2019 16:24:43.620624,Booster
190,15 ,2,21-Jun-2019 16:24:43.690624,Booster
191,15 ,2,21-Jun-2019 16:24:43.760624,Booster
192,15 ,2,21-Jun-2019 16:24:43.820624,Booster
193,15 ,2,21-Jun-2019 16:24:43.890624,Booster
194,15 ,2,21-Jun-2019 16:24:43.960624,Booster
195,15 ,2,21-Jun-2019 16:24:44.020624,Booster
196,15 ,2,21-Jun-2019 16:24:44.090624,Booster
197,15 ,2,21-Jun-2019 16:24:44.160624,Booster
198,15 ,2,21-Jun-2019 16:24:44.220624,Booster
199,15 ,2,21-Jun-2019 16:24:44.290624,Booster
200,15 ,2,21-Jun-2019 16:24:44.360624,Booster
201,2A ,9,21-Jun-2019 16:24:44.360624,MI
202,AE ,2,21-Jun-2019 16:24:44.360624,NuMI
203,1D ,4,21-Jun-2019 16:24:44.420624,Booster
204,1D ,4,21-Jun-2019 16:24:44.490624,Booster
205,1D ,4,21-Jun-2019 16:24:44.560624,Booster
206,1D ,4,21-Jun-2019 16:24:44.620624,Booster
207,1D ,4,21-Jun-2019 16:24:44.690624,Booster
208,1D ,4,21-Jun-2019 16:24:44.760624,Booster
209,1D ,4,21-Jun-2019 16:24:44.820624,Booster
210,1D ,4,21-Jun-2019 16:24:44.890624,Booster
211,1D ,4,21-Jun-2019 16:24:44.960624,Booster
212,E3 ,6,21-Jun-2019 16:24:44.960624,Recycler
213,A5 ,2,21-Jun-2019 16:24:44.960624,NuMI
214,15 ,2,21-Jun-2019 16:24:45.020624,Booster
215,15 ,2,21-Jun-2019 16:24:45.090624,Booster
216,15 ,2,21-Jun-2019 16:24:45.160624,Booster
217,15 ,2,21-Jun-2019 16:24:45.220624,Booster
218,15 ,2,21-Jun-2019 16:24:45.290624,Booster
219,15 ,2,21-Jun-2019 16:24:45.360624,Booster
220,15 ,2,21-Jun-2019 16:24:45.420624,Booster
221,15 ,2,21-Jun-2019 16:24:45.490624,Booster
222,15 ,2,21-Jun-2019 16:24:45.560624,Booster
223,15 ,2,21-Jun-2019 16:24:45.620624,Booster
224,15 ,2,21-Jun-2019 16:24:45.690624,Booster
225,15 ,2,21-Jun-2019 16:24:45.760624,Booster
226,2A ,9,21-Jun-2019 16:24:45.760624,MI
227,AE ,2,21-Jun-2019 16:24:45.760624,NuMI
228,1D ,4,21-Jun-2019 16:24:45.820624,Booster
229,93 ,1,21-Jun-2019 16:24:45.820624,Accumulator
230,E9 ,20,21-Jun-2019 16:24:45.820624,Recycler
231,1C ,2,21-Jun-2019 16:24:45.890624,Booster
232,1C ,2,21-Jun-2019 16:24:45.960624,Booster
233,1D ,4,21-Jun-2019 16:24:46.020624,Booster
234,1D ,4,21-Jun-2019 16:24:46.090624,Booster
235,94 ,1,21-Jun-2019 16:24:46.090624,Accumulator
236,E9 ,20,21-Jun-2019 16:24:46.090624,Recycler
237,1C ,2,21-Jun-2019 16:24:46.160624,Booster
238,1C ,2,21-Jun-2019 16:24:46.220624,Booster
239,1D ,4,21-Jun-2019 16:24:46.290624,Booster
240,1D ,4,21-Jun-2019 16:24:46.360624,Booster
241,E3 ,6,21-Jun-2019 16:24:46.360624,Recycler
242,A5 ,2,21-Jun-2019 16:24:46.360624,NuMI
243,15 ,2,21-Jun-2019 16:24:46.420624,Booster
244,15 ,2,21-Jun-2019 16:24:46.490624,Booster
245,15 ,2,21-Jun-2019 16:24:46.560624,Booster
246,15 ,2,21-Jun-2019 16:24:46.620624,Booster
247,15 ,2,21-Jun-2019 16:24:46.690624,Booster
248,15 ,2,21-Jun-2019 16:24:46.760624,Booster
249,15 ,2,21-Jun-2019 16:24:46.820624,Booster
250,15 ,2,21-Jun-2019 16:24:46.890624,Booster
251,15 ,2,21-Jun-2019 16:24:46.960624,Booster
252,15 ,2,21-Jun-2019 16:24:47.020624,Booster
253,15 ,2,21-Jun-2019 16:24:47.090624,Booster
254,15 ,2,21-Jun-2019 16:24:47.160624,Booster
255,2A ,9,21-Jun-2019 16:24:47.160624,MI
256,AE ,2,21-Jun-2019 16:24:47.160624,NuMI
257,1D ,4,21-Jun-2019 16:24:47.220624,Booster
258,93 ,1,21-Jun-2019 16:24:47.220624,Accumulator
259,E9 ,20,21-Jun-2019 16:24:47.220624,Recycler
260,1C ,2,21-Jun-2019 16:24:47.290624,Booster
261,1C ,2,21-Jun-2019 16:24:47.360624,Booster
262,1D ,4,21-Jun-2019 16:24:47.420624,Booster
263,1D ,4,21-Jun-2019 16:24:47.490624,Booster
264,94 ,1,21-Jun-2019 16:24:47.490624,Accumulator
265,E9 ,20,21-Jun-2019 16:24:47.490624,Recycler
266,1C ,2,21-Jun-2019 16:24:47.560624,Booster
267,1C ,2,21-Jun-2019 16:24:47.620624,Booster
268,1D ,4,21-Jun-2019 16:24:47.690624,Booster
269,1D ,4,21-Jun-2019 16:24:47.760624,Booster
270,E3 ,6,21-Jun-2019 16:24:47.760624,Recycler
271,A5 ,2,21-Jun-2019 16:24:47.760624,NuMI
272,15 ,2,21-Jun-2019 16:24:47.820624,Booster
273,15 ,2,21-Jun-2019 16:24:47.890624,Booster
274,15 ,2,21-Jun-2019 16:24:47.960624,Booster
275,15 ,2,21-Jun-2019 16:24:48.020624,Booster
276,15 ,2,21-Jun-2019 16:24:48.090624,Booster
277,15 ,2,21-Jun-2019 16:24:48.160624,Booster
278,15 ,2,21-Jun-2019 16:24:48.220624,Booster
279,15 ,2,21-Jun-2019 16:24:48.290624,Booster
280,15 ,2,21-Jun-2019 16:24:48.360624,Booster
281,15 ,2,21-Jun-2019 16:24:48.420624,Booster
282,15 ,2,21-Jun-2019 16:24:48.490624,Booster
283,15 ,2,21-Jun-2019 16:24:48.560624,Booster
284,2A ,9,21-Jun-2019 16:24:48.560624,MI
285,AE ,2,21-Jun-2019 16:24:48.560624,NuMI
286,1D ,4,21-Jun-2019 16:24:48.620624,Booster
287,93 ,1,21-Jun-2019 16:24:48.620624,Accumulator
288,E9 ,20,21-Jun-2019 16:24:48.620624,Recycler
289,1C ,2,21-Jun-2019 16:24:48.690624,Booster
290,1C ,2,21-Jun-2019 16:24:48.760624,Booster
291,1D ,4,21-Jun-2019 16:24:48.820624,Booster
292,1D ,4,21-Jun-2019 16:24:48.890624,Booster
293,94 ,1,21-Jun-2019 16:24:48.890624,Accumulator
294,E9 ,20,21-Jun-2019 16:24:48.890624,Recycler
295,1C ,2,21-Jun-2019 16:24:48.960624,Booster
296,1C ,2,21-Jun-2019 16:24:49.020624,Booster
297,1D ,4,21-Jun-2019 16:24:49.090624,Booster
298,1D ,4,21-Jun-2019 16:24:49.160624,Booster
299,E3 ,6,21-Jun-2019 16:24:49.160624,Recycler
300,A5 ,2,21-Jun-2019 16:24:49.160624,NuMI
301,15 ,2,21-Jun-2019 16:24:49.220624,Booster
302,15 ,2,21-Jun-2019 16:24:49.290624,Booster
303,15 ,2,21-Jun-2019 16:24:49.360624,Booster
304,15 ,2,21-Jun-2019 16:24:49.420624,Booster
305,15 ,2,21-Jun-2019 16:24:49.490624,Booster
306,15 ,2,21-Jun-2019 16:24:49.560624,Booster
307,15 ,2,21-Jun-2019 16:24:49.620624,Booster
308,15 ,2,21-Jun-2019 16:24:49.690624,Booster
309,15 ,2,21-Jun-2019 16:24:49.760624,Booster
310,15 ,2,21-Jun-2019 16:24:49.820624,Booster
311,15 ,2,21-Jun-2019 16:24:49.890624,Booster
312,15 ,2,21-Jun-2019 16:24:49.960624,Booster
313,2A ,9,21-Jun-2019 16:24:49.960624,MI
314,AE ,2,21-Jun-2019 16:24:49.960624,NuMI
315,1D ,4,21-Jun-2019 16:24:50.020624,Booster
316,93 ,1,21-Jun-2019 16:24:50.020624,Accumulator
317,E9 ,20,21-Jun-2019 16:24:50.020624,Recycler
318,1C ,2,21-Jun-2019 16:24:50.090624,Booster
319,1C ,2,21-Jun-2019 16:24:50.160624,Booster
320,1D ,4,21-Jun-2019 16:24:50.220624,Booster
321,1D ,4,21-Jun-2019 16:24:50.290624,Booster
322,94 ,1,21-Jun-2019 16:24:50.290624,Accumulator
323,E9 ,20,21-Jun-2019 16:24:50.290624,Recycler
324,1C ,2,21-Jun-2019 16:24:50.360624,Booster
325,1C ,2,21-Jun-2019 16:24:50.420624,Booster
326,1D ,4,21-Jun-2019 16:24:50.490624,Booster
327,1D ,4,21-Jun-2019 16:24:50.560624,Booster
328,E3 ,6,21-Jun-2019 16:24:50.560624,Recycler
329,A5 ,2,21-Jun-2019 16:24:50.560624,NuMI
330,15 ,2,21-Jun-2019 16:24:50.620624,Booster
331,15 ,2,21-Jun-2019 16:24:50.690624,Booster
332,15 ,2,21-Jun-2019 16:24:50.760624,Booster
333,15 ,2,21-Jun-2019 16:24:50.820624,Booster
334,15 ,2,21-Jun-2019 16:24:50.890624,Booster
335,15 ,2,21-Jun-2019 16:24:50.960624,Booster
336,15 ,2,21-Jun-2019 16:24:51.020624,Booster
337,15 ,2,21-Jun-2019 16:24:51.090624,Booster
338,15 ,2,21-Jun-2019 16:24:51.160624,Booster
339,15 ,2,21-Jun-2019 16:24:51.220624,Booster
340,15 ,2,21-Jun-2019 16:24:51.290624,Booster
341,15 ,2,21-Jun-2019 16:24:51.360624,Booster
342,2A ,9,21-Jun-2019 16:24:51.360624,MI
343,AE ,2,21-Jun-2019 16:24:51.360624,NuMI
344,1D ,4,21-Jun-2019 16:24:51.420624,Booster
345,93 ,1,21-Jun-2019 16:24:51.420624,Accumulator
346,E9 ,20,21-Jun-2019 16:24:51.420624,Recycler
347,1C ,2,21-Jun-2019 16:24:51.490624,Booster
348,1C ,2,21-Jun-2019 16:24:51.560624,Booster
349,1D ,4,21-Jun-2019 16:24:51.620624,Booster
350,1D ,4,21-Jun-2019 16:24:51.690624,Booster
351,94 ,1,21-Jun-2019 16:24:51.690624,Accumulator
352,E9 ,20,21-Jun-2019 16:24:51.690624,Recycler
353,1C ,2,21-Jun-2019 16:24:51.760624,Booster
354,1C ,2,21-Jun-2019 16:24:51.820624,Booster
355,1D ,4,21-Jun-2019 16:24:51.890624,Booster
356,1D ,4,21-Jun-2019 16:24:51.960624,Booster
357,E3 ,6,21-Jun-2019 16:24:51.960624,Recycler
358,A5 ,2,21-Jun-2019 16:24:51.960624,NuMI
359,15 ,2,21-Jun-2019 16:24:52.020624,Booster
360,15 ,2,21-Jun-2019 16:24:52.090624,Booster
361,15 ,2,21-Jun-2019 16:24:52.160624,Booster
362,15 ,2,21-Jun-2019 16:24:52.220624,Booster
363,15 ,2,21-Jun-2019 16:24:52.290624,Booster
364,15 ,2,21-Jun-2019 16:24:52.360624,Booster
365,15 ,2,21-Jun-2019 16:24:52.420624,Booster
366,15 ,2,21-Jun-2019 16:24:52.490624,Booster
367,15 ,2,21-Jun-2019 16:24:52.560624,Booster
368,15 ,2,21-Jun-2019 16:24:52.620624,Booster
369,15 ,2,21-Jun-2019 16:24:52.690624,Booster
370,15 ,2,21-Jun-2019 16:24:52.760624,Booster
371,2A ,9,21-Jun-2019 16:24:52.760624,MI
372,AE ,2,21-Jun-2019 16:24:52.760624,NuMI
373,1D ,4,21-Jun-2019 16:24:52.820624,Booster
374,93 ,1,21-Jun-2019 16:24:52.820624,Accumulator
375,E9 ,20,21-Jun-2019 16:24:52.820624,Recycler
376,1C ,2,21-Jun-2019 16:24:52.890624,Booster
377,1C ,2,21-Jun-2019 16:24:52.960624,Booster
378,12 ,1,21-Jun-2019 16:24:53.020624,Booster
379,17 ,5,21-Jun-2019 16:24:53.090624,Booster
380,94 ,1,21-Jun-2019 16:24:53.090624,Accumulator
381,E9 ,20,21-Jun-2019 16:24:53.090624,Recycler
382,1C ,2,21-Jun-2019 16:24:53.160624,Booster
383,1C ,2,21-Jun-2019 16:24:53.220624,Booster
384,1D ,4,21-Jun-2019 16:24:53.290624,Booster
385,1D ,4,21-Jun-2019 16:24:53.360624,Booster
386,E3 ,6,21-Jun-2019 16:24:53.360624,Recycler
387,A5 ,2,21-Jun-2019 16:24:53.360624,NuMI
388,15 ,2,21-Jun-2019 16:24:53.420624,Booster
389,15 ,2,21-Jun-2019 16:24:53.490624,Booster
390,15 ,2,21-Jun-2019 16:24:53.560624,Booster
391,15 ,2,21-Jun-2019 16:24:53.620624,Booster
392,15 ,2,21-Jun-2019 16:24:53.690624,Booster
393,15 ,2,21-Jun-2019 16:24:53.760624,Booster
394,15 ,2,21-Jun-2019 16:24:53.820624,Booster
395,15 ,2,21-Jun-2019 16:24:53.890624,Booster
396,15 ,2,21-Jun-2019 16:24:53.960624,Booster
397,15 ,2,21-Jun-2019 16:24:54.020624,Booster
398,15 ,2,21-Jun-2019 16:24:54.090624,Booster
399,15 ,2,21-Jun-2019 16:24:54.160624,Booster
400,2A ,9,21-Jun-2019 16:24:54.160624,MI
401,AE ,2,21-Jun-2019 16:24:54.160624,NuMI
402,1D ,4,21-Jun-2019 16:24:54.220624,Booster
403,93 ,1,21-Jun-2019 16:24:54.220624,Accumulator
404,E9 ,20,21-Jun-2019 16:24:54.220624,Recycler
405,1C ,2,21-Jun-2019 16:24:54.290624,Booster
406,1C ,2,21-Jun-2019 16:24:54.360624,Booster
407,1D ,4,21-Jun-2019 16:24:54.420624,Booster
408,1D ,4,21-Jun-2019 16:24:54.490624,Booster
409,94 ,1,21-Jun-2019 16:24:54.490624,Accumulator
410,E9 ,20,21-Jun-2019 16:24:54.490624,Recycler
411,1C ,2,21-Jun-2019 16:24:54.560624,Booster
412,1C ,2,21-Jun-2019 16:24:54.620624,Booster
413,1D ,4,21-Jun-2019 16:24:54.690624,Booster
414,1D ,4,21-Jun-2019 16:24:54.760624,Booster
415,E3 ,6,21-Jun-2019 16:24:54.760624,Recycler
416,A5 ,2,21-Jun-2019 16:24:54.760624,NuMI
417,15 ,2,21-Jun-2019 16:24:54.820624,Booster
418,15 ,2,21-Jun-2019 16:24:54.890624,Booster
419,15 ,2,21-Jun-2019 16:24:54.960624,Booster
420,15 ,2,21-Jun-2019 16:24:55.020624,Booster
421,15 ,2,21-Jun-2019 16:24:55.090624,Booster
422,15 ,2,21-Jun-2019 16:24:55.160624,Booster
423,15 ,2,21-Jun-2019 16:24:55.220624,Booster
424,15 ,2,21-Jun-2019 16:24:55.290624,Booster
425,15 ,2,21-Jun-2019 16:24:55.360624,Booster
426,15 ,2,21-Jun-2019 16:24:55.420624,Booster
427,15 ,2,21-Jun-2019 16:24:55.490624,Booster
428,15 ,2,21-Jun-2019 16:24:55.560624,Booster
429,2A ,9,21-Jun-2019 16:24:55.560624,MI
430,AE ,2,21-Jun-2019 16:24:55.560624,NuMI
431,1D ,4,21-Jun-2019 16:24:55.620624,Booster
432,93 ,1,21-Jun-2019 16:24:55.620624,Accumulator
433,E9 ,20,21-Jun-2019 16:24:55.620624,Recycler
434,1C ,2,21-Jun-2019 16:24:55.690624,Booster
435,1C ,2,21-Jun-2019 16:24:55.760624,Booster
436,1D ,4,21-Jun-2019 16:24:55.820624,Booster
437,1D ,4,21-Jun-2019 16:24:55.890624,Booster
438,94 ,1,21-Jun-2019 16:24:55.890624,Accumulator
439,E9 ,20,21-Jun-2019 16:24:55.890624,Recycler
440,1C ,2,21-Jun-2019 16:24:55.960624,Booster
441,1C ,2,21-Jun-2019 16:24:56.020624,Booster
442,1D ,4,21-Jun-2019 16:24:56.090624,Booster
443,1D ,4,21-Jun-2019 16:24:56.160624,Booster
444,E3 ,6,21-Jun-2019 16:24:56.160624,Recycler
445,A5 ,2,21-Jun-2019 16:24:56.160624,NuMI
446,15 ,2,21-Jun-2019 16:24:56.220624,Booster
447,15 ,2,21-Jun-2019 16:24:56.290624,Booster
448,15 ,2,21-Jun-2019 16:24:56.360624,Booster
449,15 ,2,21-Jun-2019 16:24:56.420624,Booster
450,15 ,2,21-Jun-2019 16:24:56.490624,Booster
451,15 ,2,21-Jun-2019 16:24:56.560624,Booster
452,15 ,2,21-Jun-2019 16:24:56.620624,Booster
453,15 ,2,21-Jun-2019 16:24:56.690624,Booster
454,15 ,2,21-Jun-2019 16:24:56.760624,Booster
455,15 ,2,21-Jun-2019 16:24:56.820624,Booster
456,15 ,2,21-Jun-2019 16:24:56.890624,Booster
457,15 ,2,21-Jun-2019 16:24:56.960624,Booster
458,2A ,9,21-Jun-2019 16:24:56.960624,MI
459,AE ,2,21-Jun-2019 16:24:56.960624,NuMI
460,1D ,4,21-Jun-2019 16:24:57.020624,Booster
461,93 ,1,21-Jun-2019 16:24:57.020624,Accumulator
462,E9 ,20,21-Jun-2019 16:24:57.020624,Recycler
463,1C ,2,21-Jun-2019 16:24:57.090624,Booster
464,1C ,2,21-Jun-2019 16:24:57.160624,Booster
465,1D ,4,21-Jun-2019 16:24:57.220624,Booster
466,1D ,4,21-Jun-2019 16:24:57.290624,Booster
467,94 ,1,21-Jun-2019 16:24:57.290624,Accumulator
468,E9 ,20,21-Jun-2019 16:24:57.290624,Recycler
469,1C ,2,21-Jun-2019 16:24:57.360624,Booster
470,1C ,2,21-Jun-2019 16:24:57.420624,Booster
471,1D ,4,21-Jun-2019 16:24:57.490624,Booster
472,1D ,4,21-Jun-2019 16:24:57.560624,Booster
473,E3 ,6,21-Jun-2019 16:24:57.560624,Recycler
474,A5 ,2,21-Jun-2019 16:24:57.560624,NuMI
475,15 ,2,21-Jun-2019 16:24:57.620624,Booster
476,15 ,2,21-Jun-2019 16:24:57.690624,Booster
477,15 ,2,21-Jun-2019 16:24:57.760624,Booster
478,15 ,2,21-Jun-2019 16:24:57.820624,Booster
479,15 ,2,21-Jun-2019 16:24:57.890624,Booster
480,15 ,2,21-Jun-2019 16:24:57.960624,Booster
481,15 ,2,21-Jun-2019 16:24:58.020624,Booster
482,15 ,2,21-Jun-2019 16:24:58.090624,Booster
483,15 ,2,21-Jun-2019 16:24:58.160624,Booster
484,15 ,2,21-Jun-2019 16:24:58.220624,Booster
485,15 ,2,21-Jun-2019 16:24:58.290624,Booster
486,15 ,2,21-Jun-2019 16:24:58.360624,Booster
487,2A ,9,21-Jun-2019 16:24:58.360624,MI
488,AE ,2,21-Jun-2019 16:24:58.360624,NuMI
489,1D ,4,21-Jun-2019 16:24:58.420624,Booster
490,93 ,1,21-Jun-2019 16:24:58.420624,Accumulator
491,E9 ,20,21-Jun-2019 16:24:58.420624,Recycler
492,1C ,2,21-Jun-2019 16:24:58.490624,Booster
493,1C ,2,21-Jun-2019 16:24:58.560624,Booster
494,1D ,4,21-Jun-2019 16:24:58.620624,Booster
495,1D ,4,21-Jun-2019 16:24:58.690624,Booster
496,94 ,1,21-Jun-2019 16:24:58.690624,Accumulator
497,E9 ,20,21-Jun-2019 16:24:58.690624,Recycler
498,1C ,2,21-Jun-2019 16:24:58.760624,Booster
499,1C ,2,21-Jun-2019 16:24:58.820624,Booster
500,1D ,4,21-Jun-2019 16:24:58.890624,Booster
501,1D ,4,21-Jun-2019 16:24:58.960624,Booster
502,E3 ,6,21-Jun-2019 16:24:58.960624,Recycler
503,A5 ,2,21-Jun-2019 16:24:58.960624,NuMI
504,15 ,2,21-Jun-2019 16:24:59.020624,Booster
505,15 ,2,21-Jun-2019 16:24:59.090624,Booster
506,15 ,2,21-Jun-2019 16:24:59.160624,Booster
507,15 ,2,21-Jun-2019 16:24:59.220624,Booster
508,15 ,2,21-Jun-2019 16:24:59.290624,Booster
509,15 ,2,21-Jun-2019 16:24:59.360624,Booster
510,15 ,2,21-Jun-2019 16:24:59.420624,Booster
511,15 ,2,21-Jun-2019 16:24:59.490624,Booster
512,15 ,2,21-Jun-2019 16:24:59.560624,Booster
513,15 ,2,21-Jun-2019 16:24:59.620624,Booster
514,15 ,2,21-Jun-2019 16:24:59.690624,Booster
515,15 ,2,21-Jun-2019 16:24:59.760624,Booster
516,2A ,9,21-Jun-2019 16:24:59.760624,MI
517,AE ,2,21-Jun-2019 16:24:59.760624,NuMI
518,1D ,4,21-Jun-2019 16:24:59.820624,Booster
519,93 ,1,21-Jun-2019 16:24:59.820624,Accumulator
520,E9 ,20,21-Jun-2019 16:24:59.820624,Recycler
521,1C ,2,21-Jun-2019 16:24:59.890624,Booster
522,1C ,2,21-Jun-2019 16:24:59.960624,Booster
523,1D ,4,21-Jun-2019 16:25:00.020624,Booster
524,1D ,4,21-Jun-2019 16:25:00.090624,Booster
525,94 ,1,21-Jun-2019 16:25:00.090624,Accumulator
526,E9 ,20,21-Jun-2019 16:25:00.090624,Recycler
527,1C ,2,21-Jun-2019 16:25:00.160624,Booster
528,1C ,2,21-Jun-2019 16:25:00.220624,Booster
529,1D ,4,21-Jun-2019 16:25:00.290624,Booster
530,1D ,4,21-Jun-2019 16:25:00.360624,Booster
531,E3 ,6,21-Jun-2019 16:25:00.360624,Recycler
532,A5 ,2,21-Jun-2019 16:25:00.360624,NuMI
533,15 ,2,21-Jun-2019 16:25:00.420624,Booster
534,15 ,2,21-Jun-2019 16:25:00.490624,Booster
535,15 ,2,21-Jun-2019 16:25:00.560624,Booster
536,15 ,2,21-Jun-2019 16:25:00.620624,Booster
537,15 ,2,21-Jun-2019 16:25:00.690624,Booster
538,15 ,2,21-Jun-2019 16:25:00.760624,Booster
539,15 ,2,21-Jun-2019 16:25:00.820624,Booster
540,15 ,2,21-Jun-2019 16:25:00.890624,Booster
541,15 ,2,21-Jun-2019 16:25:00.960624,Booster
542,15 ,2,21-Jun-2019 16:25:01.020624,Booster
543,15 ,2,21-Jun-2019 16:25:01.090624,Booster
544,15 ,2,21-Jun-2019 16:25:01.160624,Booster
545,2A ,9,21-Jun-2019 16:25:01.160624,MI
546,AE ,2,21-Jun-2019 16:25:01.160624,NuMI
547,1D ,4,21-Jun-2019 16:25:01.220624,Booster
548,93 ,1,21-Jun-2019 16:25:01.220624,Accumulator
549,E9 ,20,21-Jun-2019 16:25:01.220624,Recycler
550,1C ,2,21-Jun-2019 16:25:01.290624,Booster
551,1C ,2,21-Jun-2019 16:25:01.360624,Booster
552,1D ,4,21-Jun-2019 16:25:01.420624,Booster
553,1D ,4,21-Jun-2019 16:25:01.490624,Booster
554,94 ,1,21-Jun-2019 16:25:01.490624,Accumulator
555,E9 ,20,21-Jun-2019 16:25:01.490624,Recycler
556,1C ,2,21-Jun-2019 16:25:01.560624,Booster
557,1C ,2,21-Jun-2019 16:25:01.620624,Booster
558,1D ,4,21-Jun-2019 16:25:01.690624,Booster
559,1D ,4,21-Jun-2019 16:25:01.760624,Booster
560,E3 ,6,21-Jun-2019 16:25:01.760624,Recycler
561,A5 ,2,21-Jun-2019 16:25:01.760624,NuMI
562,15 ,2,21-Jun-2019 16:25:01.820624,Booster
563,15 ,2,21-Jun-2019 16:25:01.890624,Booster
564,15 ,2,21-Jun-2019 16:25:01.960624,Booster
565,15 ,2,21-Jun-2019 16:25:02.020624,Booster
566,15 ,2,21-Jun-2019 16:25:02.090624,Booster
567,15 ,2,21-Jun-2019 16:25:02.160624,Booster
568,15 ,2,21-Jun-2019 16:25:02.220624,Booster
569,15 ,2,21-Jun-2019 16:25:02.290624,Booster
570,15 ,2,21-Jun-2019 16:25:02.360624,Booster
571,15 ,2,21-Jun-2019 16:25:02.420624,Booster
572,15 ,2,21-Jun-2019 16:25:02.490624,Booster
573,15 ,2,21-Jun-2019 16:25:02.560624,Booster
574,2A ,9,21-Jun-2019 16:25:02.560624,MI
575,AE ,2,21-Jun-2019 16:25:02.560624,NuMI
576,1D ,4,21-Jun-2019 16:25:02.620624,Booster
577,93 ,1,21-Jun-2019 16:25:02.620624,Accumulator
578,E9 ,20,21-Jun-2019 16:25:02.620624,Recycler
579,1C ,2,21-Jun-2019 16:25:02.690624,Booster
580,1C ,2,21-Jun-2019 16:25:02.760624,Booster
581,1D ,4,21-Jun-2019 16:25:02.820624,Booster
582,1D ,4,21-Jun-2019 16:25:02.890624,Booster
583,94 ,1,21-Jun-2019 16:25:02.890624,Accumulator
584,E9 ,20,21-Jun-2019 16:25:02.890624,Recycler
585,1C ,2,21-Jun-2019 16:25:02.960624,Booster
586,1C ,2,21-Jun-2019 16:25:03.020624,Booster
587,12 ,1,21-Jun-2019 16:25:03.090624,Booster
588,17 ,5,21-Jun-2019 16:25:03.160624,Booster
589,E3 ,6,21-Jun-2019 16:25:03.160624,Recycler
590,A5 ,2,21-Jun-2019 16:25:03.160624,NuMI
591,15 ,2,21-Jun-2019 16:25:03.220624,Booster
592,15 ,2,21-Jun-2019 16:25:03.290624,Booster
593,15 ,2,21-Jun-2019 16:25:03.360624,Booster
594,15 ,2,21-Jun-2019 16:25:03.420624,Booster
595,15 ,2,21-Jun-2019 16:25:03.490624,Booster
596,15 ,2,21-Jun-2019 16:25:03.560624,Booster
597,15 ,2,21-Jun-2019 16:25:03.620624,Booster
598,15 ,2,21-Jun-2019 16:25:03.690624,Booster
599,15 ,2,21-Jun-2019 16:25:03.760624,Booster
600,15 ,2,21-Jun-2019 16:25:03.820624,Booster
601,15 ,2,21-Jun-2019 16:25:03.890624,Booster
602,15 ,2,21-Jun-2019 16:25:03.960624,Booster
603,2A ,9,21-Jun-2019 16:25:03.960624,MI
604,AE ,2,21-Jun-2019 16:25:03.960624,NuMI
605,1D ,4,21-Jun-2019 16:25:04.020624,Booster
606,93 ,1,21-Jun-2019 16:25:04.020624,Accumulator
607,E9 ,20,21-Jun-2019 16:25:04.020624,Recycler
608,1C ,2,21-Jun-2019 16:25:04.090624,Booster
609,1C ,2,21-Jun-2019 16:25:04.160624,Booster
610,1D ,4,21-Jun-2019 16:25:04.220624,Booster
611,1D ,4,21-Jun-2019 16:25:04.290624,Booster
612,94 ,1,21-Jun-2019 16:25:04.290624,Accumulator
613,E9 ,20,21-Jun-2019 16:25:04.290624,Recycler
614,1C ,2,21-Jun-2019 16:25:04.360624,Booster
615,1C ,2,21-Jun-2019 16:25:04.420624,Booster
616,1D ,4,21-Jun-2019 16:25:04.490624,Booster
617,1D ,4,21-Jun-2019 16:25:04.560624,Booster
618,E3 ,6,21-Jun-2019 16:25:04.560624,Recycler
619,A5 ,2,21-Jun-2019 16:25:04.560624,NuMI
620,15 ,2,21-Jun-2019 16:25:04.620624,Booster
621,15 ,2,21-Jun-2019 16:25:04.690624,Booster
622,15 ,2,21-Jun-2019 16:25:04.760624,Booster
623,15 ,2,21-Jun-2019 16:25:04.820624,Booster
624,15 ,2,21-Jun-2019 16:25:04.890624,Booster
625,15 ,2,21-Jun-2019 16:25:04.960624,Booster
626,15 ,2,21-Jun-2019 16:25:05.020624,Booster
627,15 ,2,21-Jun-2019 16:25:05.090624,Booster
628,15 ,2,21-Jun-2019 16:25:05.160624,Booster
629,15 ,2,21-Jun-2019 16:25:05.220624,Booster
630,15 ,2,21-Jun-2019 16:25:05.290624,Booster
631,15 ,2,21-Jun-2019 16:25:05.360624,Booster
632,2A ,9,21-Jun-2019 16:25:05.360624,MI
633,AE ,2,21-Jun-2019 16:25:05.360624,NuMI
634,1D ,4,21-Jun-2019 16:25:05.420624,Booster
635,93 ,1,21-Jun-2019 16:25:05.420624,Accumulator
636,E9 ,20,21-Jun-2019 16:25:05.420624,Recycler
637,1C ,2,21-Jun-2019 16:25:05.490624,Booster
638,1C ,2,21-Jun-2019 16:25:05.560624,Booster
639,1D ,4,21-Jun-2019 16:25:05.620624,Booster
640,1D ,4,21-Jun-2019 16:25:05.690624,Booster
641,94 ,1,21-Jun-2019 16:25:05.690624,Accumulator
642,E9 ,20,21-Jun-2019 16:25:05.690624,Recycler
643,1C ,2,21-Jun-2019 16:25:05.760624,Booster
644,1C ,2,21-Jun-2019 16:25:05.820624,Booster
645,1D ,4,21-Jun-2019 16:25:05.890624,Booster
646,1D ,4,21-Jun-2019 16:25:05.960624,Booster
647,E3 ,6,21-Jun-2019 16:25:05.960624,Recycler
648,A5 ,2,21-Jun-2019 16:25:05.960624,NuMI
649,15 ,2,21-Jun-2019 16:25:06.020624,Booster
650,15 ,2,21-Jun-2019 16:25:06.090624,Booster
651,15 ,2,21-Jun-2019 16:25:06.160624,Booster
652,15 ,2,21-Jun-2019 16:25:06.220624,Booster
653,15 ,2,21-Jun-2019 16:25:06.290624,Booster
654,15 ,2,21-Jun-2019 16:25:06.360624,Booster
655,15 ,2,21-Jun-2019 16:25:06.420624,Booster
656,15 ,2,21-Jun-2019 16:25:06.490624,Booster
657,15 ,2,21-Jun-2019 16:25:06.560624,Booster
658,15 ,2,21-Jun-2019 16:25:06.620624,Booster
659,15 ,2,21-Jun-2019 16:25:06.690624,Booster
660,15 ,2,21-Jun-2019 16:25:06.760624,Booster
661,2A ,9,21-Jun-2019 16:25:06.760624,MI
662,AE ,2,21-Jun-2019 16:25:06.760624,NuMI
663,1D ,4,21-Jun-2019 16:25:06.820624,Booster
664,93 ,1,21-Jun-2019 16:25:06.820624,Accumulator
665,E9 ,20,21-Jun-2019 16:25:06.820624,Recycler
666,1C ,2,21-Jun-2019 16:25:06.890624,Booster
667,1C ,2,21-Jun-2019 16:25:06.960624,Booster
668,1D ,4,21-Jun-2019 16:25:07.020624,Booster
669,1D ,4,21-Jun-2019 16:25:07.090624,Booster
670,94 ,1,21-Jun-2019 16:25:07.090624,Accumulator
671,E9 ,20,21-Jun-2019 16:25:07.090624,Recycler
672,1C ,2,21-Jun-2019 16:25:07.160624,Booster
673,1C ,2,21-Jun-2019 16:25:07.220624,Booster
674,1D ,4,21-Jun-2019 16:25:07.290624,Booster
675,1D ,4,21-Jun-2019 16:25:07.360624,Booster
676,E3 ,6,21-Jun-2019 16:25:07.360624,Recycler
677,A5 ,2,21-Jun-2019 16:25:07.360624,NuMI
678,15 ,2,21-Jun-2019 16:25:07.420624,Booster
679,15 ,2,21-Jun-2019 16:25:07.490624,Booster
680,15 ,2,21-Jun-2019 16:25:07.560624,Booster
681,15 ,2,21-Jun-2019 16:25:07.620624,Booster
682,15 ,2,21-Jun-2019 16:25:07.690624,Booster
683,15 ,2,21-Jun-2019 16:25:07.760624,Booster
684,15 ,2,21-Jun-2019 16:25:07.820624,Booster
685,15 ,2,21-Jun-2019 16:25:07.890624,Booster
686,15 ,2,21-Jun-2019 16:25:07.960624,Booster
687,15 ,2,21-Jun-2019 16:25:08.020624,Booster
688,15 ,2,21-Jun-2019 16:25:08.090624,Booster
689,15 ,2,21-Jun-2019 16:25:08.160624,Booster
690,2A ,9,21-Jun-2019 16:25:08.160624,MI
691,AE ,2,21-Jun-2019 16:25:08.160624,NuMI
692,1D ,4,21-Jun-2019 16:25:08.220624,Booster
693,93 ,1,21-Jun-2019 16:25:08.220624,Accumulator
694,E9 ,20,21-Jun-2019 16:25:08.220624,Recycler
695,1C ,2,21-Jun-2019 16:25:08.290624,Booster
696,1C ,2,21-Jun-2019 16:25:08.360624,Booster
697,1D ,4,21-Jun-2019 16:25:08.420624,Booster
698,1D ,4,21-Jun-2019 16:25:08.490624,Booster
699,94 ,1,21-Jun-2019 16:25:08.490624,Accumulator
700,E9 ,20,21-Jun-2019 16:25:08.490624,Recycler
701,1C ,2,21-Jun-2019 16:25:08.560624,Booster
702,1C ,2,21-Jun-2019 16:25:08.620624,Booster
703,1D ,4,21-Jun-2019 16:25:08.690624,Booster
704,1D ,4,21-Jun-2019 16:25:08.760624,Booster
705,E3 ,6,21-Jun-2019 16:25:08.760624,Recycler
706,A5 ,2,21-Jun-2019 16:25:08.760624,NuMI
707,15 ,2,21-Jun-2019 16:25:08.820624,Booster
708,15 ,2,21-Jun-2019 16:25:08.890624,Booster
709,15 ,2,21-Jun-2019 16:25:08.960624,Booster
710,15 ,2,21-Jun-2019 16:25:09.020624,Booster
711,15 ,2,21-Jun-2019 16:25:09.090624,Booster
712,15 ,2,21-Jun-2019 16:25:09.160624,Booster
713,15 ,2,21-Jun-2019 16:25:09.220624,Booster
714,15 ,2,21-Jun-2019 16:25:09.290624,Booster
715,15 ,2,21-Jun-2019 16:25:09.360624,Booster
716,15 ,2,21-Jun-2019 16:25:09.420624,Booster
717,15 ,2,21-Jun-2019 16:25:09.490624,Booster
718,15 ,2,21-Jun-2019 16:25:09.560624,Booster
719,2A ,9,21-Jun-2019 16:25:09.560624,MI
720,AE ,2,21-Jun-2019 16:25:09.560624,NuMI
721,1D ,4,21-Jun-2019 16:25:09.620624,Booster
722,93 ,1,21-Jun-2019 16:25:09.620624,Accumulator
723,E9 ,20,21-Jun-2019 16:25:09.620624,Recycler
724,1C ,2,21-Jun-2019 16:25:09.690624,Booster
725,1C ,2,21-Jun-2019 16:25:09.760624,Booster
726,1D ,4,21-Jun-2019 16:25:09.820624,Booster
727,1D ,4,21-Jun-2019 16:25:09.890624,Booster
728,94 ,1,21-Jun-2019 16:25:09.890624,Accumulator
729,E9 ,20,21-Jun-2019 16:25:09.890624,Recycler
730,1C ,2,21-Jun-2019 16:25:09.960624,Booster
731,1C ,2,21-Jun-2019 16:25:10.020624,Booster
732,1D ,4,21-Jun-2019 16:25:10.090624,Booster
733,1D ,4,21-Jun-2019 16:25:10.160624,Booster
734,E3 ,6,21-Jun-2019 16:25:10.160624,Recycler
735,A5 ,2,21-Jun-2019 16:25:10.160624,NuMI
736,15 ,2,21-Jun-2019 16:25:10.220624,Booster
737,15 ,2,21-Jun-2019 16:25:10.290624,Booster
738,15 ,2,21-Jun-2019 16:25:10.360624,Booster
739,15 ,2,21-Jun-2019 16:25:10.420624,Booster
740,15 ,2,21-Jun-2019 16:25:10.490624,Booster
741,15 ,2,21-Jun-2019 16:25:10.560624,Booster
742,15 ,2,21-Jun-2019 16:25:10.620624,Booster
743,15 ,2,21-Jun-2019 16:25:10.690624,Booster
744,15 ,2,21-Jun-2019 16:25:10.760624,Booster
745,15 ,2,21-Jun-2019 16:25:10.820624,Booster
746,15 ,2,21-Jun-2019 16:25:10.890624,Booster
747,15 ,2,21-Jun-2019 16:25:10.960624,Booster
748,2A ,9,21-Jun-2019 16:25:10.960624,MI
749,AE ,2,21-Jun-2019 16:25:10.960624,NuMI
750,1D ,4,21-Jun-2019 16:25:11.020624,Booster
751,93 ,1,21-Jun-2019 16:25:11.020624,Accumulator
752,E9 ,20,21-Jun-2019 16:25:11.020624,Recycler
753,1C ,2,21-Jun-2019 16:25:11.090624,Booster
754,1C ,2,21-Jun-2019 16:25:11.160624,Booster
755,1D ,4,21-Jun-2019 16:25:11.220624,Booster
756,1D ,4,21-Jun-2019 16:25:11.290624,Booster
757,94 ,1,21-Jun-2019 16:25:11.290624,Accumulator
758,E9 ,20,21-Jun-2019 16:25:11.290624,Recycler
759,1C ,2,21-Jun-2019 16:25:11.360624,Booster
760,1C ,2,21-Jun-2019 16:25:11.420624,Booster
761,1D ,4,21-Jun-2019 16:25:11.490624,Booster
762,1D ,4,21-Jun-2019 16:25:11.560624,Booster
763,E3 ,6,21-Jun-2019 16:25:11.560624,Recycler
764,A5 ,2,21-Jun-2019 16:25:11.560624,NuMI
765,15 ,2,21-Jun-2019 16:25:11.620624,Booster
766,15 ,2,21-Jun-2019 16:25:11.690624,Booster
767,15 ,2,21-Jun-2019 16:25:11.760624,Booster
768,15 ,2,21-Jun-2019 16:25:11.820624,Booster
769,15 ,2,21-Jun-2019 16:25:11.890624,Booster
770,15 ,2,21-Jun-2019 16:25:11.960624,Booster
771,15 ,2,21-Jun-2019 16:25:12.020624,Booster
772,15 ,2,21-Jun-2019 16:25:12.090624,Booster
773,15 ,2,21-Jun-2019 16:25:12.160624,Booster
774,15 ,2,21-Jun-2019 16:25:12.220624,Booster
775,15 ,2,21-Jun-2019 16:25:12.290624,Booster
776,15 ,2,21-Jun-2019 16:25:12.360624,Booster
777,2A ,9,21-Jun-2019 16:25:12.360624,MI
778,AE ,2,21-Jun-2019 16:25:12.360624,NuMI
779,1D ,4,21-Jun-2019 16:25:12.420624,Booster
780,93 ,1,21-Jun-2019 16:25:12.420624,Accumulator
781,E9 ,20,21-Jun-2019 16:25:12.420624,Recycler
782,1C ,2,21-Jun-2019 16:25:12.490624,Booster
783,1C ,2,21-Jun-2019 16:25:12.560624,Booster
784,1D ,4,21-Jun-2019 16:25:12.620624,Booster
785,1D ,4,21-Jun-2019 16:25:12.690624,Booster
786,94 ,1,21-Jun-2019 16:25:12.690624,Accumulator
787,E9 ,20,21-Jun-2019 16:25:12.690624,Recycler
788,1C ,2,21-Jun-2019 16:25:12.760624,Booster
789,1C ,2,21-Jun-2019 16:25:12.820624,Booster
790,1D ,4,21-Jun-2019 16:25:12.890624,Booster
791,1D ,4,21-Jun-2019 16:25:12.960624,Booster
792,E3 ,6,21-Jun-2019 16:25:12.960624,Recycler
793,A5 ,2,21-Jun-2019 16:25:12.960624,NuMI
794,15 ,2,21-Jun-2019 16:25:13.020624,Booster
795,15 ,2,21-Jun-2019 16:25:13.090624,Booster
796,15 ,2,21-Jun-2019 16:25:13.160624,Booster
797,15 ,2,21-Jun-2019 16:25:13.220624,Booster
798,15 ,2,21-Jun-2019 16:25:13.290624,Booster
799,15 ,2,21-Jun-2019 16:25:13.360624,Booster
800,15 ,2,21-Jun-2019 16:25:13.420624,Booster
801,15 ,2,21-Jun-2019 16:25:13.490624,Booster
802,15 ,2,21-Jun-2019 16:25:13.560624,Booster
803,15 ,2,21-Jun-2019 16:25:13.620624,Booster
804,15 ,2,21-Jun-2019 16:25:13.690624,Booster
805,15 ,2,21-Jun-2019 16:25:13.760624,Booster
806,2A ,9,21-Jun-2019 16:25:13.760624,MI
807,AE ,2,21-Jun-2019 16:25:13.760624,NuMI
808,1D ,4,21-Jun-2019 16:25:13.820624,Booster
809,93 ,1,21-Jun-2019 16:25:13.820624,Accumulator
810,E9 ,20,21-Jun-2019 16:25:13.820624,Recycler
811,1C ,2,21-Jun-2019 16:25:13.890624,Booster
812,1C ,2,21-Jun-2019 16:25:13.960624,Booster
813,12 ,1,21-Jun-2019 16:25:14.020624,Booster
814,17 ,5,21-Jun-2019 16:25:14.090624,Booster
815,94 ,1,21-Jun-2019 16:25:14.090624,Accumulator
816,E9 ,20,21-Jun-2019 16:25:14.090624,Recycler
817,1C ,2,21-Jun-2019 16:25:14.160624,Booster
818,1C ,2,21-Jun-2019 16:25:14.220624,Booster
819,1D ,4,21-Jun-2019 16:25:14.290624,Booster
820,1D ,4,21-Jun-2019 16:25:14.360624,Booster
821,E3 ,6,21-Jun-2019 16:25:14.360624,Recycler
822,A5 ,2,21-Jun-2019 16:25:14.360624,NuMI
823,15 ,2,21-Jun-2019 16:25:14.420624,Booster
824,15 ,2,21-Jun-2019 16:25:14.490624,Booster
825,15 ,2,21-Jun-2019 16:25:14.560624,Booster
826,15 ,2,21-Jun-2019 16:25:14.620624,Booster
827,15 ,2,21-Jun-2019 16:25:14.690624,Booster
828,15 ,2,21-Jun-2019 16:25:14.760624,Booster
829,15 ,2,21-Jun-2019 16:25:14.820624,Booster
830,15 ,2,21-Jun-2019 16:25:14.890624,Booster
831,15 ,2,21-Jun-2019 16:25:14.960624,Booster
832,15 ,2,21-Jun-2019 16:25:15.020624,Booster
833,15 ,2,21-Jun-2019 16:25:15.090624,Booster
834,15 ,2,21-Jun-2019 16:25:15.160624,Booster
835,2A ,9,21-Jun-2019 16:25:15.160624,MI
836,AE ,2,21-Jun-2019 16:25:15.160624,NuMI
837,1D ,4,21-Jun-2019 16:25:15.220624,Booster
838,93 ,1,21-Jun-2019 16:25:15.220624,Accumulator
839,E9 ,20,21-Jun-2019 16:25:15.220624,Recycler
840,1C ,2,21-Jun-2019 16:25:15.290624,Booster
841,1C ,2,21-Jun-2019 16:25:15.360624,Booster
842,1D ,4,21-Jun-2019 16:25:15.420624,Booster
843,1D ,4,21-Jun-2019 16:25:15.490624,Booster
844,94 ,1,21-Jun-2019 16:25:15.490624,Accumulator
845,E9 ,20,21-Jun-2019 16:25:15.490624,Recycler
846,1C ,2,21-Jun-2019 16:25:15.560624,Booster
847,1C ,2,21-Jun-2019 16:25:15.620624,Booster
848,1D ,4,21-Jun-2019 16:25:15.690624,Booster
849,1D ,4,21-Jun-2019 16:25:15.760624,Booster
850,E3 ,6,21-Jun-2019 16:25:15.760624,Recycler
851,A5 ,2,21-Jun-2019 16:25:15.760624,NuMI
852,15 ,2,21-Jun-2019 16:25:15.820624,Booster
853,15 ,2,21-Jun-2019 16:25:15.890624,Booster
854,15 ,2,21-Jun-2019 16:25:15.960624,Booster
855,15 ,2,21-Jun-2019 16:25:16.020624,Booster
856,15 ,2,21-Jun-2019 16:25:16.090624,Booster
857,15 ,2,21-Jun-2019 16:25:16.160624,Booster
858,15 ,2,21-Jun-2019 16:25:16.220624,Booster
859,15 ,2,21-Jun-2019 16:25:16.290624,Booster
860,15 ,2,21-Jun-2019 16:25:16.360624,Booster
861,15 ,2,21-Jun-2019 16:25:16.420624,Booster
862,15 ,2,21-Jun-2019 16:25:16.490624,Booster
863,15 ,2,21-Jun-2019 16:25:16.560624,Booster
864,2A ,9,21-Jun-2019 16:25:16.560624,MI
865,AE ,2,21-Jun-2019 16:25:16.560624,NuMI
866,1D ,4,21-Jun-2019 16:25:16.620624,Booster
867,93 ,1,21-Jun-2019 16:25:16.620624,Accumulator
868,E9 ,20,21-Jun-2019 16:25:16.620624,Recycler
869,1C ,2,21-Jun-2019 16:25:16.690624,Booster
870,1C ,2,21-Jun-2019 16:25:16.760624,Booster
871,1D ,4,21-Jun-2019 16:25:16.820624,Booster
872,1D ,4,21-Jun-2019 16:25:16.890624,Booster
873,94 ,1,21-Jun-2019 16:25:16.890624,Accumulator
874,E9 ,20,21-Jun-2019 16:25:16.890624,Recycler
875,1C ,2,21-Jun-2019 16:25:16.960624,Booster
876,1C ,2,21-Jun-2019 16:25:17.020624,Booster
877,1D ,4,21-Jun-2019 16:25:17.090624,Booster
878,1D ,4,21-Jun-2019 16:25:17.160624,Booster
879,E3 ,6,21-Jun-2019 16:25:17.160624,Recycler
880,A5 ,2,21-Jun-2019 16:25:17.160624,NuMI
881,15 ,2,21-Jun-2019 16:25:17.220624,Booster
882,15 ,2,21-Jun-2019 16:25:17.290624,Booster
883,15 ,2,21-Jun-2019 16:25:17.360624,Booster
884,15 ,2,21-Jun-2019 16:25:17.420624,Booster
885,15 ,2,21-Jun-2019 16:25:17.490624,Booster
886,15 ,2,21-Jun-2019 16:25:17.560624,Booster
887,15 ,2,21-Jun-2019 16:25:17.620624,Booster
888,15 ,2,21-Jun-2019 16:25:17.690624,Booster
889,15 ,2,21-Jun-2019 16:25:17.760624,Booster
890,15 ,2,21-Jun-2019 16:25:17.820624,Booster
891,15 ,2,21-Jun-2019 16:25:17.890624,Booster
892,15 ,2,21-Jun-2019 16:25:17.960624,Booster
893,2A ,9,21-Jun-2019 16:25:17.960624,MI
894,AE ,2,21-Jun-2019 16:25:17.960624,NuMI
895,1D ,4,21-Jun-2019 16:25:18.020624,Booster
896,93 ,1,21-Jun-2019 16:25:18.020624,Accumulator
897,E9 ,20,21-Jun-2019 16:25:18.020624,Recycler
898,1C ,2,21-Jun-2019 16:25:18.090624,Booster
899,1C ,2,21-Jun-2019 16:25:18.160624,Booster
900,1D ,4,21-Jun-2019 16:25:18.220624,Booster
901,1D ,4,21-Jun-2019 16:25:18.290624,Booster
902,94 ,1,21-Jun-2019 16:25:18.290624,Accumulator
903,E9 ,20,21-Jun-2019 16:25:18.290624,Recycler
904,1C ,2,21-Jun-2019 16:25:18.360624,Booster
905,1C ,2,21-Jun-2019 16:25:18.420624,Booster
906,1D ,4,21-Jun-2019 16:25:18.490624,Booster
907,1D ,4,21-Jun-2019 16:25:18.560624,Booster
908,E3 ,6,21-Jun-2019 16:25:18.560624,Recycler
909,A5 ,2,21-Jun-2019 16:25:18.560624,NuMI
910,15 ,2,21-Jun-2019 16:25:18.620624,Booster
911,15 ,2,21-Jun-2019 16:25:18.690624,Booster
912,15 ,2,21-Jun-2019 16:25:18.760624,Booster
913,15 ,2,21-Jun-2019 16:25:18.820624,Booster
914,15 ,2,21-Jun-2019 16:25:18.890624,Booster
915,15 ,2,21-Jun-2019 16:25:18.960624,Booster
916,15 ,2,21-Jun-2019 16:25:19.020624,Booster
917,15 ,2,21-Jun-2019 16:25:19.090624,Booster
918,15 ,2,21-Jun-2019 16:25:19.160624,Booster
919,15 ,2,21-Jun-2019 16:25:19.220624,Booster
920,15 ,2,21-Jun-2019 16:25:19.290624,Booster
921,15 ,2,21-Jun-2019 16:25:19.360624,Booster
922,2A ,9,21-Jun-2019 16:25:19.360624,MI
923,AE ,2,21-Jun-2019 16:25:19.360624,NuMI
924,1D ,4,21-Jun-2019 16:25:19.420624,Booster
925,93 ,1,21-Jun-2019 16:25:19.420624,Accumulator
926,E9 ,20,21-Jun-2019 16:25:19.420624,Recycler
927,1C ,2,21-Jun-2019 16:25:19.490624,Booster
928,1C ,2,21-Jun-2019 16:25:19.560624,Booster
929,1D ,4,21-Jun-2019 16:25:19.620624,Booster
930,1D ,4,21-Jun-2019 16:25:19.690624,Booster
931,94 ,1,21-Jun-2019 16:25:19.690624,Accumulator
932,E9 ,20,21-Jun-2019 16:25:19.690624,Recycler
933,1C ,2,21-Jun-2019 16:25:19.760624,Booster
934,1C ,2,21-Jun-2019 16:25:19.820624,Booster
935,1D ,4,21-Jun-2019 16:25:19.890624,Booster
936,1D ,4,21-Jun-2019 16:25:19.960624,Booster
937,E3 ,6,21-Jun-2019 16:25:19.960624,Recycler
938,A5 ,2,21-Jun-2019 16:25:19.960624,NuMI
939,15 ,2,21-Jun-2019 16:25:20.020624,Booster
940,15 ,2,21-Jun-2019 16:25:20.090624,Booster
941,15 ,2,21-Jun-2019 16:25:20.160624,Booster
942,15 ,2,21-Jun-2019 16:25:20.220624,Booster
943,15 ,2,21-Jun-2019 16:25:20.290624,Booster
944,15 ,2,21-Jun-2019 16:25:20.360624,Booster
945,15 ,2,21-Jun-2019 16:25:20.420624,Booster
946,15 ,2,21-Jun-2019 16:25:20.490624,Booster
947,15 ,2,21-Jun-2019 16:25:20.560624,Booster
948,15 ,2,21-Jun-2019 16:25:20.620624,Booster
949,15 ,2,21-Jun-2019 16:25:20.690624,Booster
950,15 ,2,21-Jun-2019 16:25:20.760624,Booster
951,2A ,9,21-Jun-2019 16:25:20.760624,MI
952,AE ,2,21-Jun-2019 16:25:20.760624,NuMI
953,1D ,4,21-Jun-2019 16:25:20.820624,Booster
954,93 ,1,21-Jun-2019 16:25:20.820624,Accumulator
955,E9 ,20,21-Jun-2019 16:25:20.820624,Recycler
956,1C ,2,21-Jun-2019 16:25:20.890624,Booster
957,1C ,2,21-Jun-2019 16:25:20.960624,Booster
958,1D ,4,21-Jun-2019 16:25:21.020624,Booster
959,1D ,4,21-Jun-2019 16:25:21.090624,Booster
960,94 ,1,21-Jun-2019 16:25:21.090624,Accumulator
961,E9 ,20,21-Jun-2019 16:25:21.090624,Recycler
962,1C ,2,21-Jun-2019 16:25:21.160624,Booster
963,1C ,2,21-Jun-2019 16:25:21.220624,Booster
964,1D ,4,21-Jun-2019 16:25:21.290624,Booster
965,1D ,4,21-Jun-2019 16:25:21.360624,Booster
966,E3 ,6,21-Jun-2019 16:25:21.360624,Recycler
967,A5 ,2,21-Jun-2019 16:25:21.360624,NuMI
968,15 ,2,21-Jun-2019 16:25:21.420624,Booster
969,15 ,2,21-Jun-2019 16:25:21.490624,Booster
970,15 ,2,21-Jun-2019 16:25:21.560624,Booster
971,15 ,2,21-Jun-2019 16:25:21.620624,Booster
972,15 ,2,21-Jun-2019 16:25:21.690624,Booster
973,15 ,2,21-Jun-2019 16:25:21.760624,Booster
974,15 ,2,21-Jun-2019 16:25:21.820624,Booster
975,15 ,2,21-Jun-2019 16:25:21.890624,Booster
976,15 ,2,21-Jun-2019 16:25:21.960624,Booster
977,15 ,2,21-Jun-2019 16:25:22.020624,Booster
978,15 ,2,21-Jun-2019 16:25:22.090624,Booster
979,15 ,2,21-Jun-2019 16:25:22.160624,Booster
980,2A ,9,21-Jun-2019 16:25:22.160624,MI
981,AE ,2,21-Jun-2019 16:25:22.160624,NuMI
982,1D ,4,21-Jun-2019 16:25:22.220624,Booster
983,93 ,1,21-Jun-2019 16:25:22.220624,Accumulator
984,E9 ,20,21-Jun-2019 16:25:22.220624,Recycler
985,1C ,2,21-Jun-2019 16:25:22.290624,Booster
986,1C ,2,21-Jun-2019 16:25:22.360624,Booster
987,1D ,4,21-Jun-2019 16:25:22.420624,Booster
988,1D ,4,21-Jun-2019 16:25:22.490624,Booster
989,94 ,1,21-Jun-2019 16:25:22.490624,Accumulator
990,E9 ,20,21-Jun-2019 16:25:22.490624,Recycler
991,1C ,2,21-Jun-2019 16:25:22.560624,Booster
992,1C ,2,21-Jun-2019 16:25:22.620624,Booster
993,1D ,4,21-Jun-2019 16:25:22.690624,Booster
994,1D ,4,21-Jun-2019 16:25:22.760624,Booster
995,E3 ,6,21-Jun-2019 16:25:22.760624,Recycler
996,A5 ,2,21-Jun-2019 16:25:22.760624,NuMI
997,15 ,2,21-Jun-2019 16:25:22.820624,Booster
998,15 ,2,21-Jun-2019 16:25:22.890624,Booster
999,15 ,2,21-Jun-2019 16:25:22.960624,Booster
1000,15 ,2,21-Jun-2019 16:25:23.020624,Booster
1001,15 ,2,21-Jun-2019 16:25:23.090624,Booster
1002,15 ,2,21-Jun-2019 16:25:23.160624,Booster
1003,15 ,2,21-Jun-2019 16:25:23.220624,Booster
1004,15 ,2,21-Jun-2019 16:25:23.290624,Booster
1005,15 ,2,21-Jun-2019 16:25:23.360624,Booster
1006,15 ,2,21-Jun-2019 16:25:23.420624,Booster
1007,15 ,2,21-Jun-2019 16:25:23.490624,Booster
1008,15 ,2,21-Jun-2019 16:25:23.560624,Booster
1009,2A ,9,21-Jun-2019 16:25:23.560624,MI
1010,AE ,2,21-Jun-2019 16:25:23.560624,NuMI
1011,1D ,4,21-Jun-2019 16:25:23.620624,Booster
1012,93 ,1,21-Jun-2019 16:25:23.620624,Accumulator
1013,E9 ,20,21-Jun-2019 16:25:23.620624,Recycler
1014,1C ,2,21-Jun-2019 16:25:23.690624,Booster
1015,1C ,2,21-Jun-2019 16:25:23.760624,Booster
1016,1D ,4,21-Jun-2019 16:25:23.820624,Booster
1017,1D ,4,21-Jun-2019 16:25:23.890624,Booster
1018,94 ,1,21-Jun-2019 16:25:23.890624,Accumulator
1019,E9 ,20,21-Jun-2019 16:25:23.890624,Recycler
1020,1C ,2,21-Jun-2019 16:25:23.960624,Booster
1021,1C ,2,21-Jun-2019 16:25:24.020624,Booster
1022,12 ,1,21-Jun-2019 16:25:24.090624,Booster
1023,17 ,5,21-Jun-2019 16:25:24.160624,Booster
1024,E3 ,6,21-Jun-2019 16:25:24.160624,Recycler
1025,A5 ,2,21-Jun-2019 16:25:24.160624,NuMI
1026,15 ,2,21-Jun-2019 16:25:24.220624,Booster
1027,15 ,2,21-Jun-2019 16:25:24.290624,Booster
1028,15 ,2,21-Jun-2019 16:25:24.360624,Booster
1029,15 ,2,21-Jun-2019 16:25:24.420624,Booster
1030,15 ,2,21-Jun-2019 16:25:24.490624,Booster
1031,15 ,2,21-Jun-2019 16:25:24.560624,Booster
1032,15 ,2,21-Jun-2019 16:25:24.620624,Booster
1033,15 ,2,21-Jun-2019 16:25:24.690624,Booster
1034,15 ,2,21-Jun-2019 16:25:24.760624,Booster
1035,15 ,2,21-Jun-2019 16:25:24.820624,Booster
1036,15 ,2,21-Jun-2019 16:25:24.890624,Booster
1037,15 ,2,21-Jun-2019 16:25:24.960624,Booster
1038,2A ,9,21-Jun-2019 16:25:24.960624,MI
1039,AE ,2,21-Jun-2019 16:25:24.960624,NuMI
1040,1D ,4,21-Jun-2019 16:25:25.020624,Booster
1041,93 ,1,21-Jun-2019 16:25:25.020624,Accumulator
1042,E9 ,20,21-Jun-2019 16:25:25.020624,Recycler
1043,1C ,2,21-Jun-2019 16:25:25.090624,Booster
1044,1C ,2,21-Jun-2019 16:25:25.160624,Booster
1045,1D ,4,21-Jun-2019 16:25:25.220624,Booster
1046,1D ,4,21-Jun-2019 16:25:25.290624,Booster
1047,94 ,1,21-Jun-2019 16:25:25.290624,Accumulator
1048,E9 ,20,21-Jun-2019 16:25:25.290624,Recycler
1049,1C ,2,21-Jun-2019 16:25:25.360624,Booster
1050,1C ,2,21-Jun-2019 16:25:25.420624,Booster
1051,1D ,4,21-Jun-2019 16:25:25.490624,Booster
1052,1D ,4,21-Jun-2019 16:25:25.560624,Booster
1053,E3 ,6,21-Jun-2019 16:25:25.560624,Recycler
1054,A5 ,2,21-Jun-2019 16:25:25.560624,NuMI
1055,15 ,2,21-Jun-2019 16:25:25.620624,Booster
1056,15 ,2,21-Jun-2019 16:25:25.690624,Booster
1057,15 ,2,21-Jun-2019 16:25:25.760624,Booster
1058,15 ,2,21-Jun-2019 16:25:25.820624,Booster
1059,15 ,2,21-Jun-2019 16:25:25.890624,Booster
1060,15 ,2,21-Jun-2019 16:25:25.960624,Booster
1061,15 ,2,21-Jun-2019 16:25:26.020624,Booster
1062,15 ,2,21-Jun-2019 16:25:26.090624,Booster
1063,15 ,2,21-Jun-2019 16:25:26.160624,Booster
1064,15 ,2,21-Jun-2019 16:25:26.220624,Booster
1065,15 ,2,21-Jun-2019 16:25:26.290624,Booster
1066,15 ,2,21-Jun-2019 16:25:26.360624,Booster
1067,2A ,9,21-Jun-2019 16:25:26.360624,MI
1068,AE ,2,21-Jun-2019 16:25:26.360624,NuMI
1069,1D ,4,21-Jun-2019 16:25:26.420624,Booster
1070,93 ,1,21-Jun-2019 16:25:26.420624,Accumulator
1071,E9 ,20,21-Jun-2019 16:25:26.420624,Recycler
1072,1C ,2,21-Jun-2019 16:25:26.490624,Booster
1073,1C ,2,21-Jun-2019 16:25:26.560624,Booster
1074,1D ,4,21-Jun-2019 16:25:26.620624,Booster
1075,1D ,4,21-Jun-2019 16:25:26.690624,Booster
1076,94 ,1,21-Jun-2019 16:25:26.690624,Accumulator
1077,E9 ,20,21-Jun-2019 16:25:26.690624,Recycler
1078,1C ,2,21-Jun-2019 16:25:26.760624,Booster
1079,1C ,2,21-Jun-2019 16:25:26.820624,Booster
1080,1D ,4,21-Jun-2019 16:25:26.890624,Booster
1081,1D ,4,21-Jun-2019 16:25:26.960624,Booster
1082,E3 ,6,21-Jun-2019 16:25:26.960624,Recycler
1083,A5 ,2,21-Jun-2019 16:25:26.960624,NuMI
1084,15 ,2,21-Jun-2019 16:25:27.020624,Booster
1085,15 ,2,21-Jun-2019 16:25:27.090624,Booster
1086,15 ,2,21-Jun-2019 16:25:27.160624,Booster
1087,15 ,2,21-Jun-2019 16:25:27.220624,Booster
1088,15 ,2,21-Jun-2019 16:25:27.290624,Booster
1089,15 ,2,21-Jun-2019 16:25:27.360624,Booster
1090,15 ,2,21-Jun-2019 16:25:27.420624,Booster
1091,15 ,2,21-Jun-2019 16:25:27.490624,Booster
1092,15 ,2,21-Jun-2019 16:25:27.560624,Booster
1093,15 ,2,21-Jun-2019 16:25:27.620624,Booster
1094,15 ,2,21-Jun-2019 16:25:27.690624,Booster
1095,15 ,2,21-Jun-2019 16:25:27.760624,Booster
1096,2A ,9,21-Jun-2019 16:25:27.760624,MI
1097,AE ,2,21-Jun-2019 16:25:27.760624,NuMI
1098,1D ,4,21-Jun-2019 16:25:27.820624,Booster
1099,93 ,1,21-Jun-2019 16:25:27.820624,Accumulator
1100,E9 ,20,21-Jun-2019 16:25:27.820624,Recycler
1101,1C ,2,21-Jun-2019 16:25:27.890624,Booster
1102,1C ,2,21-Jun-2019 16:25:27.960624,Booster
1103,1D ,4,21-Jun-2019 16:25:28.020624,Booster
1104,1D ,4,21-Jun-2019 16:25:28.090624,Booster
1105,94 ,1,21-Jun-2019 16:25:28.090624,Accumulator
1106,E9 ,20,21-Jun-2019 16:25:28.090624,Recycler
1107,1C ,2,21-Jun-2019 16:25:28.160624,Booster
1108,1C ,2,21-Jun-2019 16:25:28.220624,Booster
1109,1D ,4,21-Jun-2019 16:25:28.290624,Booster
1110,1D ,4,21-Jun-2019 16:25:28.360624,Booster
1111,E3 ,6,21-Jun-2019 16:25:28.360624,Recycler
1112,A5 ,2,21-Jun-2019 16:25:28.360624,NuMI
1113,15 ,2,21-Jun-2019 16:25:28.420624,Booster
1114,15 ,2,21-Jun-2019 16:25:28.490624,Booster
1115,15 ,2,21-Jun-2019 16:25:28.560624,Booster
1116,15 ,2,21-Jun-2019 16:25:28.620624,Booster
1117,15 ,2,21-Jun-2019 16:25:28.690624,Booster
1118,15 ,2,21-Jun-2019 16:25:28.760624,Booster
1119,15 ,2,21-Jun-2019 16:25:28.820624,Booster
1120,15 ,2,21-Jun-2019 16:25:28.890624,Booster
1121,15 ,2,21-Jun-2019 16:25:28.960624,Booster
1122,15 ,2,21-Jun-2019 16:25:29.020624,Booster
1123,15 ,2,21-Jun-2019 16:25:29.090624,Booster
1124,15 ,2,21-Jun-2019 16:25:29.160624,Booster
1125,2A ,9,21-Jun-2019 16:25:29.160624,MI
1126,AE ,2,21-Jun-2019 16:25:29.160624,NuMI
1127,1D ,4,21-Jun-2019 16:25:29.220624,Booster
1128,93 ,1,21-Jun-2019 16:25:29.220624,Accumulator
1129,E9 ,20,21-Jun-2019 16:25:29.220624,Recycler
1130,1C ,2,21-Jun-2019 16:25:29.290624,Booster
1131,1C ,2,21-Jun-2019 16:25:29.360624,Booster
1132,1D ,4,21-Jun-2019 16:25:29.420624,Booster
1133,1D ,4,21-Jun-2019 16:25:29.490624,Booster
1134,94 ,1,21-Jun-2019 16:25:29.490624,Accumulator
1135,E9 ,20,21-Jun-2019 16:25:29.490624,Recycler
1136,1C ,2,21-Jun-2019 16:25:29.560624,Booster
1137,1C ,2,21-Jun-2019 16:25:29.620624,Booster
1138,1D ,4,21-Jun-2019 16:25:29.690624,Booster
1139,1D ,4,21-Jun-2019 16:25:29.760624,Booster
1140,E3 ,6,21-Jun-2019 16:25:29.760624,Recycler
1141,A5 ,2,21-Jun-2019 16:25:29.760624,NuMI
1142,15 ,2,21-Jun-2019 16:25:29.820624,Booster
1143,15 ,2,21-Jun-2019 16:25:29.890624,Booster
1144,15 ,2,21-Jun-2019 16:25:29.960624,Booster
1145,15 ,2,21-Jun-2019 16:25:30.020624,Booster
1146,15 ,2,21-Jun-2019 16:25:30.090624,Booster
1147,15 ,2,21-Jun-2019 16:25:30.160624,Booster
1148,15 ,2,21-Jun-2019 16:25:30.220624,Booster
1149,15 ,2,21-Jun-2019 16:25:30.290624,Booster
1150,15 ,2,21-Jun-2019 16:25:30.360624,Booster
1151,15 ,2,21-Jun-2019 16:25:30.420624,Booster
1152,15 ,2,21-Jun-2019 16:25:30.490624,Booster
1153,15 ,2,21-Jun-2019 16:25:30.560624,Booster
1154,2A ,9,21-Jun-2019 16:25:30.560624,MI
1155,AE ,2,21-Jun-2019 16:25:30.560624,NuMI
1156,1D ,4,21-Jun-2019 16:25:30.620624,Booster
1157,93 ,1,21-Jun-2019 16:25:30.620624,Accumulator
1158,E9 ,20,21-Jun-2019 16:25:30.620624,Recycler
1159,1C ,2,21-Jun-2019 16:25:30.690624,Booster
1160,1C ,2,21-Jun-2019 16:25:30.760624,Booster
1161,1D ,4,21-Jun-2019 16:25:30.820624,Booster
1162,1D ,4,21-Jun-2019 16:25:30.890624,Booster
1163,94 ,1,21-Jun-2019 16:25:30.890624,Accumulator
1164,E9 ,20,21-Jun-2019 16:25:30.890624,Recycler
1165,1C ,2,21-Jun-2019 16:25:30.960624,Booster
1166,1C ,2,21-Jun-2019 16:25:31.020624,Booster
1167,1D ,4,21-Jun-2019 16:25:31.090624,Booster
